index,x,y,z
0,-0.039442966712450095,-0.9992218233821227,0.0
1,-0.039442966712450095,-0.9992218233821227,0.0
2,-0.039442966712450095,-0.9992218233821227,0.0
3,-0.039442966712450095,-0.9992218233821227,0.0
4,-0.039442966712450095,-0.9992218233821227,0.0
5,-0.039442966712450095,-0.9992218233821227,0.0
6,-0.039442966712450095,-0.9992218233821227,0.0
7,-0.039442966712450095,-0.9992218233821227,0.0
8,-0.039442966712450095,-0.9992218233821227,0.0
9,-0.039442966712450095,-0.9992218233821227,0.0
10,-0.039442966712450095,-0.9992218233821227,0.0
11,-0.039442966712450095,-0.9992218233821227,0.0
12,-0.039442966712450095,-0.9992218233821227,0.0
13,-0.039442966712450095,-0.9992218233821227,0.0
14,-0.039442966712450095,-0.9992218233821227,0.0
15,-0.039442966712450095,-0.9992218233821227,0.0
16,-0.039442966712450095,-0.9992218233821227,0.0
17,-0.039442966712450095,-0.9992218233821227,0.0
18,-0.039442966712450095,-0.9992218233821227,0.0
19,-0.039442966712450095,-0.9992218233821227,0.0
20,-0.039442966712450095,-0.9992218233821227,0.0
21,-0.039442966712450095,-0.9992218233821227,0.0
22,-0.039442966712450095,-0.9992218233821227,0.0
23,-0.039442966712450095,-0.9992218233821227,0.0
24,-0.039442966712450095,-0.9992218233821227,0.0
25,0.0,-0.9992218233821227,0.039442966712450095
26,-0.06564755739982268,-0.9978428724772679,0.0
27,-0.06564755739982268,-0.9978428724772679,0.0
28,-0.06564755739982268,-0.9978428724772679,0.0
29,-0.06741385799046562,-0.9977250982588556,0.0
30,-0.0656475573998223,-0.9978428724772679,0.0
31,-0.09171704948879912,-0.9957851087355283,0.0
32,0.0,-0.9930611231677076,-0.11759934353301692
33,-0.12073197664476043,-0.9926851413013743,0.0
34,-0.11759934353301692,-0.9930611231677076,0.0
35,0.02298243376926065,-0.9997358689628958,0.0
36,0.0,-0.9930611231677076,-0.11759934353301692
37,0.0,-0.9978633020079557,-0.06533628763147227
38,0.0,-0.9902017961244843,-0.13964384304319413
39,-0.10174201540760486,-0.9948108173188094,0.0
40,-0.11759934353301692,-0.9930611231677076,0.0
41,0.0,-0.6747691995352271,0.7380288119916542
42,0.0,-0.9896873708543019,-0.14324422472891032
43,0.0,-0.9930611231677076,0.11759934353301692
44,-0.18633365115520056,-0.9824865242728891,0.0
45,0.16039606937234177,-0.9870527345990134,0.0
46,0.0,-0.9902017961244843,-0.13964384304319413
47,0.0,-0.9930611231677076,0.11759934353301692
48,0.0,-0.9891315765002462,-0.14703307218246697
49,-0.1686038249513647,-0.9856838997156605,0.0
50,-0.14703307218246697,-0.9891315765002462,0.0
51,0.0,-0.992927816784738,-0.11871963026773828
52,0.0,-0.6493829240663156,0.7604615821302878
53,0.0,-0.9930611231677076,-0.11759934353301692
54,-0.09171704948879912,-0.9957851087355283,0.0
55,0.1146241079821413,-0.9934089358452324,0.0
56,-0.09171704948879912,-0.9957851087355283,0.0
57,-0.09171704948879912,-0.9957851087355283,0.0
58,-0.11759934353301692,-0.9930611231677076,0.0
59,0.0,-0.9930611231677076,0.11759934353301692
60,0.0,-0.9957851087355283,0.09171704948879912
61,-0.11759934353301692,-0.9930611231677076,0.0
62,0.0,-0.9959422370130987,-0.08999478045299136
63,-0.13964384304319494,-0.9902017961244842,0.0
64,-0.14324422472891035,-0.989687370854302,0.0
65,-0.1146241079821413,-0.9934089358452324,0.0
66,-0.12752174253582654,-0.9918357752786588,0.0
67,-0.11759934353301692,-0.9930611231677076,0.0
68,0.0,-0.9896873708543019,0.14324422472890946
69,0.0,-0.9930611231677076,-0.11759934353301692
70,0.0,-0.5135017919959276,0.8580885208352979
71,0.0,-0.9891315765002462,-0.14703307218246697
72,-0.1146241079821413,-0.9934089358452324,0.0
73,0.0,-0.9930611231677076,-0.11759934353301692
74,0.0,-0.9922778766856746,-0.12403473458570853
75,-0.09171704948879912,-0.9957851087355283,0.0
76,-0.0727235930957725,-0.9973521338848719,0.0
77,0.13964384304319413,-0.9902017961244843,0.0
78,-0.09171704948879912,-0.9957851087355283,0.0
79,-0.09171704948879912,-0.9957851087355283,0.0
80,-0.24253562501913128,-0.9701425000765251,0.0
81,-0.11759934353301692,-0.9930611231677076,0.0
82,0.0,-0.9957851087355283,0.09171704948879912
83,-0.09171704948879912,-0.9957851087355283,0.0
84,0.0,-0.9856838997156605,0.1686038249513647
85,-0.08938436468328881,-0.9959972064709257,0.0
86,-0.08938436468328881,-0.9959972064709257,0.0
87,-0.09171704948879912,-0.9957851087355283,0.0
88,-0.09171704948879912,-0.9957851087355283,0.0
89,0.4924345674983803,-0.8703494681366782,0.0
90,-0.09676597405791441,-0.9953071617385402,0.0
91,0.0,-0.9930611231677076,-0.11759934353301692
92,0.0,-0.9930611231677076,-0.11759934353301692
93,-0.11759934353301692,-0.9930611231677076,0.0
94,-0.1146241079821413,-0.9934089358452324,0.0
95,-0.11759934353301692,-0.9930611231677076,0.0
96,0.1117947730650219,-0.9937313161335343,0.0
97,-0.11759934353301692,-0.9930611231677076,0.0
98,-0.11759934353301692,-0.9930611231677076,0.0
99,-0.13295539325345215,-0.9911220224348445,0.0
100,-0.18884739364525807,-0.9820064469553397,0.0
101,-0.11759934353301692,-0.9930611231677076,0.0
102,0.0,-0.9926851413013743,0.12073197664476117
103,-0.12403473458570853,-0.9922778766856746,0.0
104,0.0,-0.9934089358452324,0.1146241079821413
105,-0.1146241079821413,-0.9934089358452324,0.0
106,-0.14703307218246697,-0.9891315765002462,0.0
107,0.0,-0.5957076577050641,-0.8032013362315475
108,-0.21802962931829412,-0.9759421502818811,0.0
109,-0.11759934353301692,-0.9930611231677076,0.0
110,0.8395612015704711,-0.5375607693508775,0.07852011237709554
111,0.0,-0.9896873708543019,-0.14324422472891032
112,0.0,-0.9930611231677076,-0.11759934353301692
113,0.0,-0.9930611231677076,-0.11759934353301692
114,-0.08938436468328881,-0.9959972064709257,0.0
115,-0.1432442247289095,-0.9896873708543021,0.0
116,-0.1432442247289095,-0.9896873708543021,0.0
117,0.0,-0.9522822880182751,0.3052186820571383
118,0.0,-0.9856838997156605,-0.1686038249513647
119,-0.09417419115689117,-0.9955557350871256,0.0
120,0.2425356250299928,-0.9701425001199828,0.0
121,0.0,-0.9957851087355283,0.09171704948879912
122,-0.23046638386713006,-0.9730802874390027,0.0
123,0.0,-0.9930611231677076,0.11759934353301761
124,-0.11759934353301692,-0.9930611231677076,0.0
125,-0.7203202134783678,-0.6936416870532446,0.0
126,0.0,-0.9638804208045916,0.2663353794328506
127,-0.11759934353301692,-0.9930611231677076,0.0
128,0.0,-0.6929215607327929,0.721012975357098
129,-0.11759934353301692,-0.9930611231677076,0.0
130,0.5223120790802163,-0.8527544148248439,0.0
131,-0.11759934353301692,-0.9930611231677076,0.0
132,0.0,-0.9161573348807132,-0.40081883401031004
133,0.11759934353301692,-0.9930611231677076,0.0
134,-0.11759934353301692,-0.9930611231677076,0.0
135,-0.09171704948879912,-0.9957851087355283,0.0
136,0.1686038249513647,-0.9856838997156605,0.0
137,0.0,-0.8999813237976295,-0.43592845371447764
138,0.0,-0.9934089358452324,0.1146241079821413
139,-0.13964384304319413,-0.9902017961244843,0.0
140,-0.1146241079821413,-0.9934089358452324,0.0
141,-0.1146241079821413,-0.9934089358452324,0.0
142,-0.11759934353301692,-0.9930611231677076,0.0
143,0.0,-0.9863939238066092,0.16439898730110344
144,-0.1146241079821413,-0.9934089358452324,0.0
145,0.0,-0.9930611231677076,-0.11759934353301692
146,-0.09171704948879912,-0.9957851087355283,0.0
147,-0.11759934353301692,-0.9930611231677076,0.0
148,0.0,-0.9732396017630076,-0.22979268374959827
149,-0.3896399908084421,0.9209672510017824,0.0
150,0.0,-0.9915344612981944,0.1298437985033326
151,0.0,-0.981074028250488,-0.193633031891545
152,-0.13621834047527312,-0.9906788398201835,0.0
153,0.0,-0.9902017961244843,-0.13964384304319413
154,-0.11759934353301692,-0.9930611231677076,0.0
155,0.0,-0.9881739033247159,-0.15333732982624834
156,-0.10653312363168296,-0.9943091538957167,0.0
157,-0.1432442247289095,-0.9896873708543021,0.0
158,-0.11759934353301692,-0.9930611231677076,0.0
159,0.0,-0.9856838997156605,0.1686038249513647
160,0.16809426679816591,-0.9749467474293592,-0.14568169789174515
161,-0.1117947730650219,-0.9937313161335343,0.0
162,0.6155478844972966,-0.5637122731712084,-0.5507533703396872
163,-0.11759934353301692,-0.9930611231677076,0.0
164,-0.3565064819715417,-0.9342928493047274,0.0
165,-0.12073197664476114,-0.9926851413013741,0.0
166,0.0,-0.9571302600000706,0.28965784184212645
167,-0.1686038249513647,-0.9856838997156605,0.0
168,-0.1146241079821413,-0.9934089358452324,0.0
169,-0.11759934353301692,-0.9930611231677076,0.0
170,0.0,-0.9915344612981944,-0.1298437985033326
171,0.15794724880850597,-0.9160940430893318,-0.36854358055317743
172,0.0,-0.9896873708543019,0.14324422472890946
173,-0.11759934353301692,-0.9930611231677076,0.0
174,-0.13511320472916077,-0.9908301680138502,0.0
175,-0.17994098902739103,-0.9836774066830714,0.0
176,-0.11759934353301692,-0.9930611231677076,0.0
177,0.0,-0.9930611231677076,-0.11759934353301692
178,0.0,-0.9930611231677076,-0.11759934353301692
179,-0.11759934353301692,-0.9930611231677076,0.0
180,0.0,-0.9930611231677076,-0.11759934353301692
181,-0.09417419115689059,-0.9955557350871256,0.0
182,0.0,-0.9934089358452324,-0.1146241079821413
183,-0.08938436468328881,-0.9959972064709257,0.0
184,-0.11759934353301692,-0.9930611231677076,0.0
185,0.0,-0.9934089358452324,0.1146241079821413
186,-0.09417419115689059,-0.9955557350871256,0.0
187,0.0,-0.9957851087355283,0.09171704948879912
188,-0.11759934353301692,-0.9930611231677076,0.0
189,-0.09171704948879912,-0.9957851087355283,0.0
190,-0.09171704948879912,-0.9957851087355283,0.0
191,-0.22979268374959827,-0.9732396017630076,0.0
192,-0.11759934353301761,-0.9930611231677076,0.0
193,-0.1146241079821413,-0.9934089358452324,0.0
194,0.0,-0.9770631709015611,0.21294966545290334
195,-0.1146241079821413,-0.9934089358452324,0.0
196,-0.24869024734873485,-0.9685830686213955,0.0
197,0.0,-0.981074028250488,0.193633031891545
198,0.0,-0.9820064469553397,-0.18884739364525807
199,-0.11759934353301692,-0.9930611231677076,0.0
200,-0.11759934353301692,-0.9930611231677076,0.0
201,-0.12073197664476114,-0.9926851413013741,0.0
202,0.0,-0.6183903613284885,0.7858710841882897
203,-0.11759934353301692,-0.9930611231677076,0.0
204,0.0,-0.9856838997156603,0.16860382495136567
205,0.0,0.8240419241124963,0.5665288228273325
206,0.0,-0.9896873708543019,-0.14324422472891032
207,0.0,-0.9930611231677076,0.11759934353301761
208,0.0,-0.9638804208045916,0.2663353794328506
209,-0.11759934353301692,-0.9930611231677076,0.0
210,-0.12752174253582654,-0.9918357752786588,0.0
211,0.0,-0.9896873708543019,0.14324422472890946
212,0.0,-0.9810740282504881,0.19363303189154385
213,0.0,-0.9937313161335343,0.1117947730650219
214,-0.1146241079821413,-0.9934089358452324,0.0
215,0.0,-0.9906788398201833,-0.1362183404752731
216,0.0,-0.9930611231677076,-0.11759934353301692
217,0.0,-0.9930611231677076,-0.11759934353301692
218,-0.09171704948879912,-0.9957851087355283,0.0
219,-0.1432442247289095,-0.9896873708543021,0.0
220,0.0,-0.9926851413013743,-0.12073197664476043
221,-0.12403473458570853,-0.9922778766856746,0.0
222,0.1432442247289095,-0.9896873708543021,0.0
223,-0.08938436468328881,-0.9959972064709257,0.0
224,0.0,-0.899109270732217,-0.4377242502248958
225,-0.12073197664476114,-0.9926851413013741,0.0
226,-0.11759934353301692,-0.9930611231677076,0.0
227,-0.02298243376926065,-0.9997358689628958,0.0
228,0.0,-0.9902017961244843,-0.13964384304319413
229,0.0,-0.9896873708543019,0.14324422472890946
230,-0.11759934353301692,-0.9930611231677076,0.0
231,-0.11759934353301692,-0.9930611231677076,0.0
232,0.1146241079821413,-0.9934089358452324,0.0
233,-0.10910092799891574,-0.9940306773234651,0.0
234,-0.11759934353301692,-0.9930611231677076,0.0
235,0.0,-0.931057024969534,-0.36487369897454985
236,0.0,-0.9896873708543019,-0.14324422472891032
237,-0.1146241079821413,-0.9934089358452324,0.0
238,-0.11759934353301692,-0.9930611231677076,0.0
239,-0.11759934353301692,-0.9930611231677076,0.0
240,-0.1117947730650219,-0.9937313161335343,0.0
241,0.11759934353301692,-0.9930611231677076,0.0
242,0.0,-0.9926851413013743,0.12073197664476117
243,-0.334765052344209,-0.9423016288207396,0.0
244,-0.1146241079821413,-0.9934089358452324,0.0
245,-0.1686038249513647,-0.9856838997156605,0.0
246,0.31247558879015414,-0.9499257899220735,0.0
247,0.0,-0.9953071617385402,0.09676597405791441
248,-0.1146241079821413,-0.9934089358452324,0.0
249,-0.11759934353301692,-0.9930611231677076,0.0
250,0.0,-0.9896873708543019,0.14324422472890946
251,-0.09736132506324291,-0.9952491006464869,0.0
252,0.1432442247289095,-0.9896873708543021,0.0
253,-0.09171704948879912,-0.9957851087355283,0.0
254,-0.09171704948879912,-0.9957851087355283,0.0
255,0.0,-0.9746126946359194,-0.22389751092987295
256,0.0,-0.9896873708543019,-0.14324422472890946
257,0.0,-0.9810740282504881,-0.19363303189154385
258,0.11759934353301692,-0.9930611231677076,0.0
259,-0.11759934353301692,-0.9930611231677076,0.0
260,-0.11759934353301692,-0.9930611231677076,0.0
261,-0.11759934353301692,-0.9930611231677076,0.0
262,0.0,-0.9885298826439395,0.1510253987372662
263,-0.14324422472891035,-0.989687370854302,0.0
264,0.0,-0.9902017961244843,-0.13964384304319413
265,-0.18884739364525807,-0.9820064469553397,0.0
266,0.0,-0.9930611231677076,-0.11759934353301692
267,-0.2824323408057778,-0.9100597648186237,-0.3033532549395428
268,-0.09676597405791441,-0.9953071617385402,0.0
269,-0.09171704948879912,-0.9957851087355283,0.0
270,0.0,-0.9896873708543019,0.14324422472890946
271,-0.09171704948879912,-0.9957851087355283,0.0
272,0.0,-0.9856838997156605,-0.1686038249513647
273,0.28965784184212645,-0.9571302600000706,0.0
274,-0.11759934353301692,-0.9930611231677076,0.0
275,-0.11759934353301692,-0.9930611231677076,0.0
276,-0.10910092799891574,-0.9940306773234651,0.0
277,-0.6721877610088717,-0.7403807222706417,0.0
278,-0.09171704948879912,-0.9957851087355283,0.0
279,0.0,-0.9926851413013743,0.12073197664476043
280,-0.12752174253582654,-0.9918357752786588,0.0
281,-0.11759934353301692,-0.9930611231677076,0.0
282,0.0,-0.9896873708543019,0.14324422472890946
283,0.13295539325345215,-0.9911220224348445,0.0
284,-0.11759934353301692,-0.9930611231677076,0.0
285,0.0,-0.9930611231677076,-0.11759934353301692
286,0.0,-0.899109270732217,-0.4377242502248958
287,0.0,-0.9856838997156605,-0.1686038249513647
288,0.0,-0.9275855419927336,-0.373610843302631
289,-0.11871963026773887,-0.992927816784738,0.0
290,-0.09145189244382536,-0.9958094954994368,0.0
291,-0.08588834215200558,-0.9963047689632616,0.0
292,-0.1146241079821413,-0.9934089358452324,0.0
293,-0.11759934353301692,-0.9930611231677076,0.0
294,-0.11759934353301692,-0.9930611231677076,0.0
295,-0.11759934353301692,-0.9930611231677076,0.0
296,-0.11759934353301692,-0.9930611231677076,0.0
297,0.11759934353301692,-0.9930611231677076,0.0
298,-0.1432442247289095,-0.9896873708543021,0.0
299,-0.09171704948879912,-0.9957851087355283,0.0
300,0.0,-0.9957851087355283,0.09171704948879912
301,0.0,-0.9930611231677076,-0.11759934353301692
302,-0.11759934353301692,-0.9930611231677076,0.0
303,0.11759934353301692,-0.9930611231677076,0.0
304,0.1686038249513647,-0.9856838997156605,0.0
305,0.17302600448166847,-0.9849172562802522,0.0
306,0.0,-0.9930611231677076,-0.11759934353301692
307,-0.11759934353301692,-0.9930611231677076,0.0
308,-0.11759934353301692,-0.9930611231677076,0.0
309,-0.14703307218246697,-0.9891315765002462,0.0
310,-0.1146241079821413,-0.9934089358452324,0.0
311,0.0,-0.9930611231677076,0.11759934353301692
312,0.0,-0.9701425001199823,0.24253562502999412
313,-0.2619506316671785,-0.9650812745632995,0.0
314,0.0,-0.9828721869096032,-0.18428853504555132
315,-0.11759934353301692,-0.9930611231677076,0.0
316,-0.14703307218246697,-0.9891315765002462,0.0
317,-0.12403473458570853,-0.9922778766856746,0.0
318,0.0,-0.9902017961244843,-0.13964384304319413
319,-0.09171704948879912,-0.9957851087355283,0.0
320,0.0,-0.9896873708543019,0.14324422472890946
321,-0.11759934353301692,-0.9930611231677076,0.0
322,-0.11759934353301692,-0.9930611231677076,0.0
323,-0.16039606937234177,-0.9870527345990134,0.0
324,-0.09171704948879912,-0.9957851087355283,0.0
325,0.0,-0.899109270732217,-0.4377242502248958
326,0.0,-0.820244718213479,-0.5720127640172947
327,-0.14324422472891035,-0.989687370854302,0.0
328,-0.11759934353301692,-0.9930611231677076,0.0
329,-0.11759934353301692,-0.9930611231677076,0.0
330,-0.12073197664476114,-0.9926851413013741,0.0
331,0.0,-0.9856838997156605,0.1686038249513647
332,-0.12687335080980316,-0.9919189245130232,0.0
333,0.11759934353301692,-0.9930611231677076,0.0
334,0.0,-0.9896873708543019,-0.14324422472890946
335,0.0,-0.9918357752786588,0.12752174253582654
336,-0.2425356250299928,-0.9701425001199828,0.0
337,0.0,-0.9911220224348445,-0.13295539325345215
338,-0.11759934353301692,-0.9930611231677076,0.0
339,0.0,-0.9930611231677076,0.11759934353301692
340,-0.16439898730110344,-0.9863939238066092,0.0
341,-0.6360726788182809,-0.771629151353321,0.0
342,0.0,-0.9902017961244843,0.13964384304319413
343,0.0,-0.9745796510571084,-0.22404129909359055
344,-0.11759934353301692,-0.9930611231677076,0.0
345,-0.09171704948879912,-0.9957851087355283,0.0
346,0.0,-0.9937313161335343,-0.1117947730650219
347,-0.09417419115689059,-0.9955557350871256,0.0
348,0.1686038249513647,-0.9856838997156605,0.0
349,0.0,-0.9957851087355283,0.09171704948879912
350,-0.08938436468328881,-0.9959972064709257,0.0
351,-0.12073197664476043,-0.9926851413013743,0.0
352,-0.17768253047134303,-0.9840878610720407,0.0
353,-0.11759934353301692,-0.9930611231677076,0.0
354,-0.07870248541860114,-0.9968981486356236,0.0
355,0.13964384304319413,-0.9902017961244843,0.0
356,0.0,-0.9930611231677076,-0.11759934353301692
357,0.0,-0.9908301680138502,-0.13511320472916077
358,-0.1146241079821413,-0.9934089358452324,0.0
359,0.1686038249513647,-0.9856838997156605,0.0
360,-0.11759934353301692,-0.9930611231677076,0.0
361,0.11759934353301692,-0.9930611231677076,0.0
362,-0.11759934353301692,-0.9930611231677076,0.0
363,-0.11759934353301692,-0.9930611231677076,0.0
364,-0.11759934353301692,-0.9930611231677076,0.0
365,0.16439898730110344,-0.9863939238066092,0.0
366,-0.11759934353301692,-0.9930611231677076,0.0
367,-0.11759934353301692,-0.9930611231677076,0.0
368,0.11759934353301692,-0.9930611231677076,0.0
369,0.0,-0.9999999999764713,0.0
370,-0.11759934353301692,-0.9930611231677076,0.0
371,-0.11759934353301692,-0.9930611231677076,0.0
372,-0.11759934353301692,-0.9930611231677076,0.0
373,-0.1146241079821413,-0.9934089358452324,0.0
374,0.0,-0.9758839821047719,0.2182898381023818
375,0.21474458270870075,-0.9305598584043606,-0.29655204278820513
376,-0.3271105638750517,-0.9449860734168235,0.0
377,0.0,-0.9746126946359194,0.22389751092987295
378,-0.14324422472891035,-0.989687370854302,0.0
379,0.06551550589458426,-0.9978515513175016,0.0
380,0.0,-0.9902017961244843,-0.13964384304319413
381,-0.12073197664476114,-0.9926851413013741,0.0
382,0.0,-0.9209672510463,0.3896399908272795
383,-0.1146241079821413,-0.9934089358452324,0.0
384,-0.1146241079821413,-0.9934089358452324,0.0
385,-0.11759934353301761,-0.9930611231677076,0.0
386,-0.1146241079821413,-0.9934089358452324,0.0
387,0.0,-0.9926851413013743,0.12073197664476117
388,0.24253562502999418,-0.9701425001199825,0.0
389,-0.11759934353301692,-0.9930611231677076,0.0
390,-0.1146241079821413,-0.9934089358452324,0.0
391,-0.18259219383752862,-0.9831887360482197,0.0
392,-0.14324422472891035,-0.989687370854302,0.0
393,0.1844017366217937,-0.9653973270199815,-0.1844017366217937
394,-0.14324422472891035,-0.989687370854302,0.0
395,-0.11759934353301692,-0.9930611231677076,0.0
396,0.0,-0.9849172562802522,0.17302600448166847
397,-0.11759934353301692,-0.9930611231677076,0.0
398,0.1686038249513647,-0.9856838997156605,0.0
399,-0.11759934353301692,-0.9930611231677076,0.0
400,-0.11759934353301692,-0.9930611231677076,0.0
401,0.0,-0.9930611231677076,-0.11759934353301692
402,0.0,-0.9926851413013743,0.12073197664476117
403,-0.1146241079821413,-0.9934089358452324,0.0
404,-0.11759934353301692,-0.9930611231677076,0.0
405,-0.1146241079821413,-0.9934089358452324,0.0
406,-0.11759934353301692,-0.9930611231677076,0.0
407,0.19363303189154385,-0.9810740282504881,0.0
408,0.1146241079821413,-0.9934089358452324,0.0
409,-0.7024085519557436,-0.7117739993151572,0.0
410,-0.09171704948879912,-0.9957851087355283,0.0
411,-0.17768253047134303,-0.9840878610720407,0.0
412,-0.18884739364525807,-0.9820064469553397,0.0
413,-0.09171704948879912,-0.9957851087355283,0.0
414,-0.12073197664476043,-0.9926851413013743,0.0
415,-0.11759934353301692,-0.9930611231677076,0.0
416,0.0,-0.9856838997156605,-0.1686038249513647
417,0.0,-0.9886188372961187,0.150441996979845
418,-0.11759934353301692,-0.9930611231677076,0.0
419,-0.11759934353301692,-0.9930611231677076,0.0
420,0.0,-0.9930611231677076,-0.11759934353301692
421,-0.09171704948879912,-0.9957851087355283,0.0
422,-0.11759934353301692,-0.9930611231677076,0.0
423,-0.1117947730650219,-0.9937313161335343,0.0
424,-0.1146241079821413,-0.9934089358452324,0.0
425,-0.11759934353301692,-0.9930611231677076,0.0
426,-0.11759934353301692,-0.9930611231677076,0.0
427,-0.12855402863656282,-0.9917025066249072,0.0
428,0.0,-0.9930611231677076,-0.11759934353301692
429,-0.1146241079821413,-0.9934089358452324,0.0
430,-0.09171704948879912,-0.9957851087355283,0.0
431,-0.11759934353301692,-0.9930611231677076,0.0
432,0.0,-0.9656157584472592,0.2599734734281115
433,-0.09171704948879912,-0.9957851087355283,0.0
434,0.0,-0.9902017961244843,-0.13964384304319413
435,-0.11759934353301692,-0.9930611231677076,0.0
436,-0.11759934353301692,-0.9930611231677076,0.0
437,0.0,-0.9957851087355283,0.09171704948879912
438,0.0,-0.9849172562802522,-0.17302600448166847
439,-0.09171704948879912,-0.9957851087355283,0.0
440,0.0,-0.9961937174707198,0.08716695027868869
441,-0.13511320472916077,-0.9908301680138502,0.0
442,-0.11759934353301692,-0.9930611231677076,0.0
443,-0.21951219511099038,-0.9756097560488523,0.0
444,-0.11759934353301692,-0.9930611231677076,0.0
445,-0.11759934353301692,-0.9930611231677076,0.0
446,0.0,-0.9856838997156605,-0.1686038249513647
447,-0.11759934353301692,-0.9930611231677076,0.0
448,-0.19363303189154385,-0.9810740282504881,0.0
449,-0.11759934353301692,-0.9930611231677076,0.0
450,-0.1432442247289095,-0.9896873708543021,0.0
451,-0.11759934353301692,-0.9930611231677076,0.0
452,-0.11759934353301692,-0.9930611231677076,0.0
453,0.19363303189154385,-0.9810740282504881,0.0
454,-0.14215505375454046,-0.9513453597419127,0.2733751033741121
455,-0.11759934353301692,-0.9930611231677076,0.0
456,-0.11759934353301692,-0.9930611231677076,0.0
457,0.0,-0.9957851087355283,0.09171704948879912
458,0.15523783398764637,-0.9878771253759484,0.0
459,-0.11759934353301692,-0.9930611231677076,0.0
460,-0.08938436468328881,-0.9959972064709257,0.0
461,-0.11759934353301692,-0.9930611231677076,0.0
462,-0.09171704948879912,-0.9957851087355283,0.0
463,-0.09171704948879912,-0.9957851087355283,0.0
464,0.0,-0.9934089358452324,-0.1146241079821413
465,0.0,-0.9957851087355283,0.09171704948879912
466,-0.11759934353301692,-0.9930611231677076,0.0
467,-0.09171704948879912,-0.9957851087355283,0.0
468,-0.08938436468328881,-0.9959972064709257,0.0
469,-0.09417419115689059,-0.9955557350871256,0.0
470,-0.09171704948879912,-0.9957851087355283,0.0
471,-0.20395425410632512,-0.9789804197103569,0.0
472,-0.1146241079821413,-0.9934089358452324,0.0
473,-0.11759934353301692,-0.9930611231677076,0.0
474,-0.11759934353301692,-0.9930611231677076,0.0
475,-0.09171704948879912,-0.9957851087355283,0.0
476,0.0,-0.9930611231677076,-0.11759934353301692
477,-0.09171704948879912,-0.9957851087355283,0.0
478,-0.08938436468328881,-0.9959972064709257,0.0
479,-0.12073197664476043,-0.9926851413013743,0.0
480,0.0,-0.9902017961244842,-0.13964384304319494
481,-0.11759934353301761,-0.9930611231677076,0.0
482,0.0,-0.95713026000007,0.289657841842128
483,-0.1146241079821413,-0.9934089358452324,0.0
484,-0.11759934353301692,-0.9930611231677076,0.0
485,0.0,-0.9896873708543019,-0.14324422472890946
486,-0.09171704948879912,-0.9957851087355283,0.0
487,-0.28965784184212645,-0.9571302600000706,0.0
488,0.1432442247289095,-0.9896873708543021,0.0
489,-0.11759934353301692,-0.9930611231677076,0.0
490,0.0,-0.40613846596905656,-0.9138115484303196
491,-0.11759934353301692,-0.9930611231677076,0.0
492,0.0,-0.711328200785747,0.7028600079192466
493,0.16439898730110344,-0.9863939238066092,0.0
494,-0.11759934353301692,-0.9930611231677076,0.0
495,-0.11759934353301692,-0.9930611231677076,0.0
496,0.0,-0.9906788398201833,-0.1362183404752731
497,0.0,-0.9701425001199826,-0.24253562502999276
498,-0.13925483139468717,-0.9902565788066705,0.0
499,-0.2182898381023818,-0.9758839821047719,0.0
500,0.0,-0.9571302600000706,-0.28965784184212645
501,-0.11759934353301692,-0.9930611231677076,0.0
502,-0.11759934353301692,-0.9930611231677076,0.0
503,0.1432442247289095,-0.9896873708543021,0.0
504,-0.5273628617675977,-0.8496401661811356,0.0
505,-0.1146241079821413,-0.9934089358452324,0.0
506,-0.08789381029459942,-0.9961298500054675,0.0
507,-0.14703307218246697,-0.9891315765002462,0.0
508,-0.14324422472891035,-0.989687370854302,0.0
509,-0.11759934353301692,-0.9930611231677076,0.0
510,0.0,-0.9896873708543019,0.14324422472890946
511,-0.1643989873011044,-0.9863939238066091,0.0
512,-0.14324422472891035,-0.989687370854302,0.0
513,0.0,-0.9930611231677076,-0.11759934353301692
514,-0.11759934353301692,-0.9930611231677076,0.0
515,-0.1146241079821413,-0.9934089358452324,0.0
516,0.0,-0.9922778766856746,-0.12403473458570853
517,-0.1146241079821413,-0.9934089358452324,0.0
518,-0.1146241079821413,-0.9934089358452324,0.0
519,0.1432442247289095,-0.9896873708543021,0.0
520,0.0,-0.8896955516098538,-0.45655429622084537
521,0.0,-0.579073881488159,-0.8152750699899044
522,-0.1686038249513647,-0.9856838997156605,0.0
523,-0.19363303189154385,-0.9810740282504881,0.0
524,0.0,-0.6410136384871328,0.7675294881885367
525,0.0,-0.9930611231677076,-0.11759934353301692
526,-0.16439898730110344,-0.9863939238066092,0.0
527,0.0,-0.9891315765002462,-0.14703307218246697
528,-0.3347650523442072,-0.9423016288207403,0.0
529,-0.11759934353301692,-0.9930611231677076,0.0
530,-0.11759934353301692,-0.9930611231677076,0.0
531,-0.12752174253582654,-0.9918357752786588,0.0
532,-0.11759934353301692,-0.9930611231677076,0.0
533,0.11759934353301692,-0.9930611231677076,0.0
534,-0.11759934353301692,-0.9930611231677076,0.0
535,-0.11759934353301692,-0.9930611231677076,0.0
536,-0.11759934353301692,-0.9930611231677076,0.0
537,-0.1117947730650219,-0.9937313161335343,0.0
538,0.0,-0.9930611231677076,0.11759934353301692
539,-0.14324422472891035,-0.989687370854302,0.0
540,-0.10653312363168296,-0.9943091538957167,0.0
541,-0.2425356250299928,-0.9701425001199828,0.0
542,0.0,-0.9638804208045921,-0.2663353794328492
543,-0.11759934353301692,-0.9930611231677076,0.0
544,-0.11759934353301692,-0.9930611231677076,0.0
545,-0.11759934353301692,-0.9930611231677076,0.0
546,-0.11759934353301692,-0.9930611231677076,0.0
547,-0.11759934353301692,-0.9930611231677076,0.0
548,-0.11759934353301692,-0.9930611231677076,0.0
549,-0.1146241079821413,-0.9934089358452324,0.0
550,-0.13964384304319413,-0.9902017961244843,0.0
551,-0.11759934353301692,-0.9930611231677076,0.0
552,-0.11759934353301692,-0.9930611231677076,0.0
553,0.28965784184212645,-0.9571302600000706,0.0
554,0.0,-0.6410136384871328,0.7675294881885367
555,-0.1686038249513647,-0.9856838997156605,0.0
556,-0.11759934353301692,-0.9930611231677076,0.0
557,0.0,-0.9856838997156605,-0.1686038249513647
558,0.0,-0.9902017961244843,0.13964384304319413
559,0.0,-0.9896873708543019,0.14324422472890946
560,-0.09171704948879912,-0.9957851087355283,0.0
561,0.0,-0.9930611231677076,-0.11759934353301692
562,-0.09171704948879912,-0.9957851087355283,0.0
563,-0.12752174253582654,-0.9918357752786588,0.0
564,-0.11759934353301692,-0.9930611231677076,0.0
565,0.11759934353301692,-0.9930611231677076,0.0
566,0.0,-0.9930611231677076,-0.11759934353301692
567,-0.11759934353301692,-0.9930611231677076,0.0
568,-0.1432442247289095,-0.9896873708543021,0.0
569,0.12658401871782102,-0.8471392021884838,-0.516073307080342
570,-0.11759934353301692,-0.9930611231677076,0.0
571,-0.11759934353301692,-0.9930611231677076,0.0
572,0.11759934353301692,-0.9930611231677076,0.0
573,-0.11759934353301692,-0.9930611231677076,0.0
574,-0.13120871902416703,-0.9913547659603761,0.0
575,-0.19363303189154385,-0.9810740282504881,0.0
576,-0.19363303189154385,-0.9810740282504881,0.0
577,-0.12403473458570853,-0.9922778766856746,0.0
578,0.0,-0.9896873708543019,-0.14324422472890946
579,-0.777807942015545,-0.6182575949354335,0.11301482918174532
580,0.13621834047527312,-0.9906788398201835,0.0
581,0.0,-0.9878771253759484,-0.15523783398764637
582,0.0,-0.9863939238066091,-0.1643989873011044
583,-0.14324422472891035,-0.989687370854302,0.0
584,-0.13964384304319413,-0.9902017961244843,0.0
585,-0.099503719018746,-0.99503719018747,0.0
586,-0.12403473458570853,-0.9922778766856746,0.0
587,0.0,-0.9930611231677076,0.11759934353301692
588,0.0,-0.9856838997156605,-0.1686038249513647
589,-0.09171704948879912,-0.9957851087355283,0.0
590,-0.08938436468328881,-0.9959972064709257,0.0
591,0.0,-0.9957851087355283,0.09171704948879968
592,0.0,-0.9918357752786588,-0.12752174253582654
593,0.14703307218246697,-0.9891315765002462,0.0
594,-0.11759934353301761,-0.9930611231677076,0.0
595,-0.1146241079821413,-0.9934089358452324,0.0
596,-0.11759934353301692,-0.9930611231677076,0.0
597,-0.12752174253582654,-0.9918357752786588,0.0
598,-0.09171704948879912,-0.9957851087355283,0.0
599,-0.09171704948879912,-0.9957851087355283,0.0
600,-0.08938436468328881,-0.9959972064709257,0.0
601,-0.09171704948879912,-0.9957851087355283,0.0
602,0.0,-0.9902017961244843,0.13964384304319413
603,0.11759934353301692,-0.9930611231677076,0.0
604,-0.5572190023493131,-0.8303655721283885,0.0
605,-0.10910092799891635,-0.994030677323465,0.0
606,0.0,-0.9501574640391248,0.3117704178878404
607,0.8649738705964369,-0.501816902025416,0.0
608,-0.11759934353301692,-0.9930611231677076,0.0
609,-0.11759934353301692,-0.9930611231677076,0.0
610,-0.11759934353301692,-0.9930611231677076,0.0
611,0.0,-0.9810740282504881,-0.19363303189154385
612,0.0,-0.9957851087355283,0.09171704948879912
613,-0.13120871902416617,-0.9913547659603761,0.0
614,-0.1146241079821413,-0.9934089358452324,0.0
615,-0.1146241079821413,-0.9934089358452324,0.0
616,0.0,-0.9902017961244843,0.13964384304319413
617,-0.11759934353301692,-0.9930611231677076,0.0
618,0.0,-0.9810740282504881,0.19363303189154385
619,-0.11759934353301692,-0.9930611231677076,0.0
620,0.11759934353301692,-0.9930611231677076,0.0
621,0.1146241079821413,-0.9934089358452324,0.0
622,-0.14703307218246697,-0.9891315765002462,0.0
623,-0.14324422472891035,-0.989687370854302,0.0
624,-0.17469122461549624,-0.9846232660146322,0.0
625,-0.10653312363168296,-0.9943091538957167,0.0
626,-0.11759934353301692,-0.9930611231677076,0.0
627,-0.11759934353301692,-0.9930611231677076,0.0
628,-0.11759934353301692,-0.9930611231677076,0.0
629,-0.11759934353301692,-0.9930611231677076,0.0
630,-0.11759934353301692,-0.9930611231677076,0.0
631,-0.11759934353301692,-0.9930611231677076,0.0
632,-0.11759934353301692,-0.9930611231677076,0.0
633,-0.14703307218246697,-0.9891315765002462,0.0
634,-0.13964384304319413,-0.9902017961244843,0.0
635,-0.1298437985033333,-0.9915344612981942,0.0
636,-0.13621834047527312,-0.9906788398201835,0.0
637,-0.13964384304319413,-0.9902017961244843,0.0
638,-0.30229661690176957,-0.9277378932502522,-0.21890444672197154
639,-0.17302600448166847,-0.9849172562802522,0.0
640,-0.17302600448166847,-0.9849172562802522,0.0
641,0.0,-0.9007686813392373,0.4342991856457009
642,-0.13964384304319494,-0.9902017961244842,0.0
643,0.0,-0.9855488907286871,-0.16939121559399048
644,0.0,-0.9902017961244843,0.13964384304319413
645,-0.14324422472891035,-0.989687370854302,0.0
646,-0.12073197664476114,-0.9926851413013741,0.0
647,0.19363303189154385,-0.9810740282504881,0.0
648,-0.11759934353301692,-0.9930611231677076,0.0
649,-0.11759934353301692,-0.9930611231677076,0.0
650,0.0,-0.9685830686213955,-0.24869024734873485
651,-0.11759934353301761,-0.9930611231677076,0.0
652,0.0,-0.9997358689628958,-0.022982433769265877
653,-0.11759934353301692,-0.9930611231677076,0.0
654,0.0,-0.9758839821047719,0.2182898381023818
655,-0.11759934353301692,-0.9930611231677076,0.0
656,-0.12073197664476114,-0.9926851413013741,0.0
657,0.0,-0.9978076265432658,0.06618111808705429
658,-0.10653312363168296,-0.9943091538957167,0.0
659,-0.11759934353301692,-0.9930611231677076,0.0
660,-0.1146241079821413,-0.9934089358452324,0.0
661,-0.12073197664476114,-0.9926851413013741,0.0
662,0.0,-0.9957851087355283,0.09171704948879912
663,0.19363303189154385,-0.9810740282504881,0.0
664,-0.09171704948879912,-0.9957851087355283,0.0
665,-0.11759934353301692,-0.9930611231677076,0.0
666,0.0,-0.9810740282504881,-0.19363303189154385
667,0.11759934353301692,-0.9930611231677076,0.0
668,-0.11759934353301692,-0.9930611231677076,0.0
669,-0.2337771866426203,-0.9610839895307789,0.14719304344165027
670,0.11759934353301692,-0.9930611231677076,0.0
671,0.0,-0.9896873708543019,-0.14324422472890946
672,0.0,-0.9913547659603761,-0.13120871902416617
673,0.08963769949406274,-0.9959744388229234,0.0
674,-0.11759934353301692,-0.9930611231677076,0.0
675,-0.12752174253582654,-0.9918357752786588,0.0
676,-0.11759934353301692,-0.9930611231677076,0.0
677,-0.21951219511099038,0.9756097560488523,0.0
678,-0.1117947730650219,-0.9937313161335343,0.0
679,-0.11759934353301692,-0.9930611231677076,0.0
680,0.0,-0.9876651119555707,-0.15658105433442115
681,0.0,-0.9800679770966974,-0.19866242778987214
682,0.0,-0.9870527345990134,-0.16039606937234177
683,0.0,-0.7682212795818887,0.6401843996515724
684,0.8469978736753823,-0.5198814534973034,0.11098592827470431
685,0.9220184750492634,-0.3871458790262085,0.0
686,0.0,-0.9856838997156603,-0.16860382495136567
687,-0.14324422472891035,-0.989687370854302,0.0
688,0.0,-0.9715902362770121,-0.2366694165290133
689,-0.13964384304319494,-0.9902017961244842,0.0
690,0.0,-0.9896873708543019,-0.14324422472891032
691,-0.11759934353301692,-0.9930611231677076,0.0
692,0.0,-0.9930611231677076,-0.11759934353301692
693,0.0,-0.9930611231677076,0.11759934353301692
694,-0.12073197664476114,-0.9926851413013741,0.0
695,0.0,-0.9930611231677076,-0.11759934353301692
696,-0.1686038249513647,-0.9856838997156605,0.0
697,-0.1686038249513647,-0.9856838997156605,0.0
698,-0.08938436468328881,-0.9959972064709257,0.0
699,-0.09171704948879912,-0.9957851087355283,0.0
700,0.0,-0.9937313161335343,0.1117947730650219
701,0.12073197664476043,-0.9926851413013743,0.0
702,0.0,-0.9856838997156605,-0.1686038249513647
703,-0.1117947730650219,-0.9937313161335343,0.0
704,-0.11759934353301692,-0.9930611231677076,0.0
705,0.0,-0.880098986207322,0.4747902425592111
706,-0.11759934353301692,-0.9930611231677076,0.0
707,-0.37768385489518636,-0.9259346120011032,0.0
708,-0.11759934353301692,-0.9930611231677076,0.0
709,-0.09145189244382493,-0.9958094954994368,0.0
710,-0.11759934353301692,-0.9930611231677076,0.0
711,0.3624462611421451,-0.9320046715083676,0.0
712,-0.1146241079821413,-0.9934089358452324,0.0
713,-0.11759934353301692,-0.9930611231677076,0.0
714,0.0,-0.9849172562802522,0.17302600448166847
715,-0.21294966545290334,-0.9770631709015611,0.0
716,-0.12403473458570853,-0.9922778766856746,0.0
717,0.0,-0.9499257899220735,0.31247558879015414
718,0.0,-0.9934089358452324,0.1146241079821413
719,-0.21294966545290334,-0.9770631709015611,0.0
720,-0.11759934353301761,-0.9930611231677076,0.0
721,0.5273628617676009,-0.8496401661811336,0.0
722,-0.0800989487067375,-0.9967869172394064,0.0
723,-0.14703307218246697,-0.9891315765002462,0.0
724,0.0,-0.9701425001199823,-0.24253562502999412
725,0.0,-0.9840878610720406,0.177682530471343
726,0.20785875581484162,-0.9781588508933755,0.0
727,0.0,-0.9902017961244843,-0.13964384304319413
728,-0.17768253047134303,-0.9840878610720407,0.0
729,0.0,-0.9856838997156603,-0.16860382495136567
730,0.0,-0.9810740282504881,0.19363303189154385
731,-0.11759934353301692,-0.9930611231677076,0.0
732,0.14568169789174515,-0.9749467474293592,-0.16809426679816591
733,0.1470330721824661,-0.9891315765002464,0.0
734,0.0,-0.9959972064709257,0.08938436468328881
735,0.9305659516876983,-0.3661243088607336,0.0
736,-0.13964384304319494,-0.9902017961244842,0.0
737,-0.11759934353301692,-0.9930611231677076,0.0
738,-0.11759934353301692,-0.9930611231677076,0.0
739,-0.19363303189154385,-0.9810740282504881,0.0
740,-0.11759934353301692,-0.9930611231677076,0.0
741,-0.11759934353301692,-0.9930611231677076,0.0
742,0.0,-0.9930611231677076,-0.11759934353301692
743,-0.08938436468328881,-0.9959972064709257,0.0
744,-0.09171704948879912,-0.9957851087355283,0.0
745,-0.11759934353301692,-0.9930611231677076,0.0
746,0.0,-0.9926851413013743,0.12073197664476117
747,-0.1146241079821413,-0.9934089358452324,0.0
748,-0.23666941652901335,-0.9715902362770122,0.0
749,-0.2425356250299928,-0.9701425001199828,0.0
750,-0.11759934353301692,-0.9930611231677076,0.0
751,-0.11759934353301692,-0.9930611231677076,0.0
752,0.0,-0.9934089358452324,-0.1146241079821413
753,-0.08505649888164081,-0.9963761297563544,0.0
754,0.0,-0.9896873708543019,0.14324422472890946
755,-0.14324422472891035,-0.989687370854302,0.0
756,-0.11759934353301692,-0.9930611231677076,0.0
757,-0.11759934353301692,-0.9930611231677076,0.0
758,-0.11759934353301692,-0.9930611231677076,0.0
759,-0.11759934353301692,-0.9930611231677076,0.0
760,0.06906545518664603,-0.9976121304737849,0.0
761,-0.11759934353301692,-0.9930611231677076,0.0
762,-0.37519275771623267,-0.9269468131812814,0.0
763,-0.09171704948879912,-0.9957851087355283,0.0
764,-0.09171704948879912,-0.9957851087355283,0.0
765,-0.09171704948879912,-0.9957851087355283,0.0
766,0.0,-0.9896873708543019,0.14324422472890946
767,0.0,-0.9957851087355283,0.09171704948879912
768,-0.08938436468328881,-0.9959972064709257,0.0
769,-0.11759934353301692,-0.9930611231677076,0.0
770,-0.09171704948879912,-0.9957851087355283,0.0
771,-0.12073197664476043,-0.9926851413013743,0.0
772,0.0,-0.9789804197103569,-0.20395425410632512
773,-0.14324422472891035,-0.989687370854302,0.0
774,0.0,-0.9930611231677076,0.11759934353301761
775,0.13964384304319413,-0.9902017961244843,0.0
776,0.18751647532336052,-0.9596431384195546,-0.20957723712610762
777,-0.11759934353301692,-0.9930611231677076,0.0
778,-0.11759934353301692,-0.9930611231677076,0.0
779,0.0,-0.9856838997156605,-0.1686038249513647
780,0.0,-0.9701425001199826,-0.24253562502999276
781,-0.12073197664476114,-0.9926851413013741,0.0
782,0.0,0.9933310227956775,0.11529735086021407
783,-0.13295539325345287,-0.9911220224348445,0.0
784,0.0,-0.9863939238066092,0.16439898730110344
785,0.0,-0.9902017961244843,0.13964384304319413
786,0.0,-0.988767049182043,-0.14946478650426484
787,0.0,-0.9902017961244843,0.13964384304319413
788,-0.14324422472891035,-0.989687370854302,0.0
789,0.0,-0.4737375982094254,-0.8806660479534225
790,0.0,-0.9902017961244843,-0.13964384304319413
791,-0.11759934353301692,-0.9930611231677076,0.0
792,-0.11759934353301692,-0.9930611231677076,0.0
793,0.2888237447062297,-0.9306542884978576,-0.22464069032707076
794,-0.11759934353301692,-0.9930611231677076,0.0
795,-0.11759934353301692,-0.9930611231677076,0.0
796,0.3775231385275666,-0.9260001511053515,0.0
797,0.0,-0.9902017961244843,0.13964384304319413
798,-0.11759934353301692,-0.9930611231677076,0.0
799,-0.11759934353301692,-0.9930611231677076,0.0
800,0.0,-0.9896873708543019,-0.14324422472890946
801,0.0,-0.9930611231677076,-0.11759934353301692
802,0.0,-0.9957851087355283,0.09171704948879912
803,-0.09171704948879912,-0.9957851087355283,0.0
804,-0.08938436468328881,-0.9959972064709257,0.0
805,-0.11759934353301692,-0.9930611231677076,0.0
806,-0.1432442247289095,-0.9896873708543021,0.0
807,0.0,-0.899109270732217,-0.4377242502248958
808,-0.09676597405791441,-0.9953071617385402,0.0
809,-0.09171704948879912,-0.9957851087355283,0.0
810,-0.09171704948879912,-0.9957851087355283,0.0
811,-0.09171704948879912,-0.9957851087355283,0.0
812,0.0,-0.986393923784723,0.16439898729745384
813,0.1432442247289095,-0.9896873708543021,0.0
814,-0.24253562502999418,-0.9701425001199825,0.0
815,0.0,-0.9902017961244843,-0.13964384304319413
816,0.0,-0.9896873708543019,-0.14324422472890946
817,0.0,-0.9930611231677076,0.11759934353301692
818,0.0,-0.9896873708543019,-0.14324422472890946
819,-0.12073197664476114,-0.9926851413013741,0.0
820,0.0,-0.9937313161335343,-0.1117947730650219
821,-0.09417419115689059,-0.9955557350871256,0.0
822,-0.1432442247289095,-0.9896873708543021,0.0
823,-0.06128807746928239,-0.9981201187854469,0.0
824,-0.09171704948879912,-0.9957851087355283,0.0
825,-0.09171704948879912,-0.9957851087355283,0.0
826,-0.12073197664476043,-0.9926851413013743,0.0
827,-0.11759934353301692,-0.9930611231677076,0.0
828,0.0,-0.9957851087355283,0.09171704948879912
829,-0.13621834047527312,-0.9906788398201835,0.0
830,-0.13964384304319413,-0.9902017961244843,0.0
831,0.0,-0.995634226038151,-0.09334070869107607
832,0.0,-0.9926851413013743,0.12073197664476117
833,-0.14324422472891035,-0.989687370854302,0.0
834,-0.12403473458570853,-0.9922778766856746,0.0
835,-0.11759934353301692,-0.9930611231677076,0.0
836,0.0,-0.9930611231677076,-0.11759934353301692
837,-0.11759934353301692,-0.9930611231677076,0.0
838,-0.12073197664476114,-0.9926851413013741,0.0
839,-0.6178215518608628,-0.7863183387320258,0.0
840,0.0,-0.9902017961244843,-0.13964384304319413
841,0.0,-0.8846587609356892,-0.4662390767093511
842,-0.12403473458570853,-0.9922778766856746,0.0
843,-0.14324422472891035,-0.989687370854302,0.0
844,-0.11759934353301761,-0.9930611231677076,0.0
845,-0.1432442247289095,-0.9896873708543021,0.0
846,0.193633031891545,-0.981074028250488,0.0
847,0.0,-0.9810740282504881,0.19363303189154385
848,-0.09171704948879912,-0.9957851087355283,0.0
849,-0.11759934353301692,-0.9930611231677076,0.0
850,-0.09171704948879912,-0.9957851087355283,0.0
851,0.0,-0.9955557350871256,0.09417419115689059
852,-0.09171704948879912,-0.9957851087355283,0.0
853,0.0,-0.9849172562802523,-0.1730260044816674
854,-0.09736132506324244,-0.9952491006464871,0.0
855,0.0,-0.9394222168360494,0.34276216019693534
856,-0.09417419115689059,-0.9955557350871256,0.0
857,0.0,-0.9957851087355283,0.09171704948879912
858,0.0,-0.9930611231677076,-0.11759934353301692
859,0.0,-0.9926851413013743,-0.12073197664476043
860,-0.1686038249513647,-0.9856838997156605,0.0
861,-0.11759934353301692,-0.9930611231677076,0.0
862,-0.11759934353301692,-0.9930611231677076,0.0
863,0.0,-0.9896873708543019,-0.14324422472890946
864,-0.12073197664476114,-0.9926851413013741,0.0
865,-0.193633031891545,-0.981074028250488,0.0
866,-0.8066588346087514,-0.5910173639707664,0.0
867,0.0,-0.9758839821047719,0.2182898381023818
868,-0.1146241079821413,-0.9934089358452324,0.0
869,-0.12073197664476114,-0.9926851413013741,0.0
870,0.0,-0.9896873708543019,0.14324422472890946
871,-0.2273627553653136,-0.9635850108339397,-0.14074837236900437
872,0.0,-0.9746802776188509,-0.2236031225125598
873,-0.1117947730650219,-0.9937313161335343,0.0
874,-0.11759934353301692,-0.9930611231677076,0.0
875,0.21294966545290334,-0.9770631709015611,0.0
876,0.0,-0.6836337652678718,-0.729825235894081
877,0.0,-0.9856838997156603,0.16860382495136567
878,0.0,-0.9934089358452324,-0.1146241079821413
879,0.0,-0.9953071617385402,0.09676597405791441
880,0.0,-0.9758839821047719,0.2182898381023818
881,-0.1117947730650219,-0.9937313161335343,0.0
882,-0.14324422472891035,-0.989687370854302,0.0
883,0.0,-0.9820064469553397,-0.18884739364525807
884,-0.09417419115689059,-0.9955557350871256,0.0
885,0.1432442247289095,-0.9896873708543021,0.0
886,0.0,-0.7022134833918399,-0.7119664484389482
887,-0.11759934353301692,-0.9930611231677076,0.0
888,-0.11759934353301692,-0.9930611231677076,0.0
889,-0.1432442247289095,-0.9896873708543021,0.0
890,-0.10910092799891574,-0.9940306773234651,0.0
891,-0.11759934353301692,-0.9930611231677076,0.0
892,-0.2182898381023818,-0.9758839821047719,0.0
893,0.0,-0.9906788398201833,-0.1362183404752731
894,-0.11759934353301692,-0.9930611231677076,0.0
895,-0.09171704948879912,-0.9957851087355283,0.0
896,0.2663353794328492,-0.9638804208045921,0.0
897,0.0,-0.9955557350871256,0.09417419115689117
898,0.18777580729569962,-0.9822119150851885,0.0
899,-0.11759934353301692,-0.9930611231677076,0.0
900,-0.09171704948879912,-0.9957851087355283,0.0
901,0.0,-0.9930611231677076,-0.11759934353301692
902,-0.09171704948879912,-0.9957851087355283,0.0
903,-0.09171704948879912,-0.9957851087355283,0.0
904,-0.11759934353301692,-0.9930611231677076,0.0
905,-0.11759934353301692,-0.9930611231677076,0.0
906,0.0,-0.9896873708543019,-0.14324422472890946
907,0.19363303189154385,-0.9810740282504881,0.0
908,-0.09171704948879912,-0.9957851087355283,0.0
909,0.0,-0.9446736642094149,0.32801168896160166
910,-0.11759934353301692,-0.9930611231677076,0.0
911,0.0,-0.9896873708543019,-0.14324422472890946
912,0.0,-0.9856838997156605,0.1686038249513647
913,-0.1146241079821413,-0.9934089358452324,0.0
914,-0.1146241079821413,-0.9934089358452324,0.0
915,0.11759934353301692,-0.9930611231677076,0.0
916,-0.11759934353301692,-0.9930611231677076,0.0
917,0.0,-0.9930611231677076,-0.11759934353301692
918,-0.09171704948879912,-0.9957851087355283,0.0
919,0.0,-0.9930611231677076,-0.11759934353301692
920,-0.09950371901810423,-0.9950371901810358,0.0
921,0.0,-0.9926851413013743,0.12073197664476043
922,0.0,-0.9896873708543019,-0.14324422472890946
923,-0.12073197664476114,-0.9926851413013741,0.0
924,-0.08938436468328881,-0.9959972064709257,0.0
925,0.12073197664476114,-0.9926851413013741,0.0
926,0.11759934353301692,-0.9930611231677076,0.0
927,-0.09171704948879912,-0.9957851087355283,0.0
928,-0.09171704948879912,-0.9957851087355283,0.0
929,0.0,-0.9930611231677076,0.11759934353301692
930,-0.08938436468328881,-0.9959972064709257,0.0
931,-0.09417419115689059,-0.9955557350871256,0.0
932,0.0,-0.9891315765002464,-0.1470330721824661
933,-0.11759934353301692,-0.9930611231677076,0.0
934,-0.1686038249513647,-0.9856838997156605,0.0
935,-0.09171704948879912,-0.9957851087355283,0.0
936,0.0,-0.9930611231677076,-0.11759934353301692
937,-0.1686038249513647,-0.9856838997156605,0.0
938,-0.11759934353301692,-0.9930611231677076,0.0
939,-0.14703307218246697,-0.9891315765002462,0.0
940,0.0,-0.9963625677034578,-0.0852152196062179
941,-0.12073197664476114,-0.9926851413013741,0.0
942,0.0,-0.9934089358452325,-0.114624107982142
943,0.14324422472891035,-0.989687370854302,0.0
944,-0.10174201540760486,-0.9948108173188094,0.0
945,0.0,-0.9891315765002464,-0.1470330721824661
946,-0.10910092799891574,-0.9940306773234651,0.0
947,0.0,-0.9934089358452324,-0.1146241079821413
948,0.0,-0.9930611231677076,-0.11759934353301692
949,-0.1146241079821413,-0.9934089358452324,0.0
950,-0.11759934353301692,-0.9930611231677076,0.0
951,0.0,-0.9955557350871256,0.09417419115689059
952,-0.11759934353301692,-0.9930611231677076,0.0
953,-0.2599734734412862,-0.9656157584961994,0.0
954,-0.11759934353301692,-0.9930611231677076,0.0
955,-0.11759934353301692,-0.9930611231677076,0.0
956,-0.11759934353301692,-0.9930611231677076,0.0
957,0.0,-0.9856838997156605,0.1686038249513647
958,0.0,-0.9891315765002462,0.14703307218246697
959,0.0,-0.6665384590597796,0.7454706450010686
960,0.0,-0.9948108173188094,-0.10174201540760486
961,-0.11759934353301692,-0.9930611231677076,0.0
962,-0.11759934353301692,-0.9930611231677076,0.0
963,0.0,-0.9820064469553397,-0.18884739364525807
964,-0.14703307218246697,-0.9891315765002462,0.0
965,-0.11759934353301761,-0.9930611231677076,0.0
966,0.0,-0.9967449844222115,-0.0806190796223835
967,-0.11759934353301692,-0.9930611231677076,0.0
968,-0.09171704948879912,-0.9957851087355283,0.0
969,0.0,-0.9945686391962768,0.10408276456705143
970,-0.12073197664476043,-0.9926851413013743,0.0
971,-0.12073197664476114,-0.9926851413013741,0.0
972,0.0,-0.9896873708543019,-0.14324422472890946
973,0.13925483139468717,-0.9902565788066705,0.0
974,0.0,-0.9926851413013743,0.12073197664476117
975,-0.13964384304319413,-0.9902017961244843,0.0
976,-0.13120871902416617,-0.9913547659603761,0.0
977,0.0,-0.937313158253674,0.34848822550457265
978,0.14619667078167087,-0.9783931044619391,-0.14619667078167087
979,-0.14324422472891035,-0.989687370854302,0.0
980,0.5161097044689146,-0.8565224882675605,0.0
981,0.31177041788784043,-0.950157464039125,0.0
982,-0.29680508017158835,-0.9549380840303239,0.0
983,-0.1432442247289095,-0.9896873708543021,0.0
984,0.17768253047134303,-0.9840878610720407,0.0
985,0.10950693568400979,-0.9939860315933077,0.0
986,-0.6689647315206669,0.7432941461340706,0.0
987,0.0,-0.981074028250488,-0.193633031891545
988,0.11759934353301692,-0.9930611231677076,0.0
989,0.0,-0.9934089358452324,0.1146241079821413
990,-0.17302600448166847,-0.9849172562802522,0.0
991,0.0,-0.9902017961244842,-0.13964384304319494
992,-0.1117947730650219,-0.9937313161335343,0.0
993,0.1432442247289095,-0.9896873708543021,0.0
994,0.11759934353301692,-0.9930611231677076,0.0
995,0.0,-0.9934089358452324,-0.1146241079821413
996,-0.09171704948879912,-0.9957851087355283,0.0
997,-0.11759934353301692,-0.9930611231677076,0.0
998,-0.09417419115689117,-0.9955557350871256,0.0
999,-0.11759934353301692,-0.9930611231677076,0.0
1000,0.0,-0.9926851413013743,-0.12073197664476117
1001,-0.11759934353301761,-0.9930611231677076,0.0
1002,0.0,-0.9930611231677076,-0.11759934353301692
1003,0.0,-0.9896873708543019,0.14324422472890946
1004,-0.11759934353301692,-0.9930611231677076,0.0
1005,0.0,-0.9934089358452324,-0.1146241079821413
1006,-0.11759934353301692,-0.9930611231677076,0.0
