timestamp,gx,gy,gz
11183.400057725,-0.00036185604949742767,0.0006821439519244937,-0.0007972557438117589
11183.408057725,-0.0004950872901076653,0.0008153751925347452,0.0001353629404600154
11183.416057725,0.0013701500784358833,0.0002824502300937254,-0.00013109954076048758
11183.424057725,0.0005707626347743605,-0.0015827871384498302,-0.00013109954076048758
11183.432057725,3.783767233334068e-05,-0.0011830934166190687,-0.0009304869844220243
11183.434816048,-0.0006283185307179306,0.0004156814707039769,2.1316998497777906e-06
11183.442816048,3.783767233334068e-05,1.5987748873222407e-05,-0.0006640245032015074
11183.450816048,0.0005707626347743605,0.0002824502300937254,-0.00026433078137075294
11183.458344281,0.00017106891294360604,-0.0002504747323472875,-0.00013109954076048758
11183.466344281,0.0008372251159948774,-0.00038370597295754594,0.0005350566622907837
11183.475211358,-0.0020938621774307248,-0.0025154058227216045,2.1316998497777906e-06
11183.483211358,-0.0008947810119384336,-0.0010498621760088103,0.0004018254216805184
11183.490657758,-9.539356827691081e-05,0.0022809188392475463,0.0001353629404600154
11183.498657758,0.0020363062814871546,0.0001492189894834739,-0.0017298744280835332
11183.507069615,-0.0002286248088871623,-0.00011724349173702908,-0.00026433078137075294
11183.515069615,3.783767233334068e-05,0.0008153751925347452,0.0009347503841215521
11183.521665558,0.000437531394164109,-0.0006501684541780489,0.0001353629404600154
11183.529665558,-9.539356827691081e-05,-0.0025154058227216045,0.0001353629404600154
11183.536985588,0.000703993875384612,0.0014815313955860165,-0.0010637182250322619
11183.544985588,-0.0006283185307179306,0.0025473813204680493,0.0001353629404600154
11183.551751456,-0.0014277059743794535,0.0010818376737552551,0.0005350566622907837
11183.559751456,-0.0011612434931589366,-0.0005169372135677974,0.0004018254216805184
11183.567247708,0.000437531394164109,0.0009486064331449967,0.0001353629404600154
11183.575247708,0.000970456356605115,0.0009486064331449967,2.1316998497777906e-06
11183.581621763,0.000437531394164109,-0.0002504747323472875,-0.0009304869844220243
11183.589621763,0.0016366125596563863,-0.0010498621760088103,0.00026859418107028077
11183.60399604,0.00017106891294360604,0.0004156814707039769,2.1316998497777906e-06
11183.610193634,0.0005707626347743605,0.0002824502300937254,0.0001353629404600154
11183.618193634,-0.0008947810119384336,-0.0002504747323472875,-0.0013301807062527787
11183.624938965,-0.00036185604949742767,-0.00038370597295754594,0.0004018254216805184
11183.632938965,0.0019030750408769032,-0.0017160183790600816,-0.0005307932625912559
11183.641055398,0.000970456356605115,-0.00038370597295754594,0.0001353629404600154
11183.649055398,-0.0019606309368204594,0.0002824502300937254,0.0004018254216805184
11183.654798642001,-0.0019606309368204594,0.0009486064331449967,0.00026859418107028077
11183.662798642,-0.0010280122525486851,-0.0006501684541780489,2.1316998497777906e-06
11183.671301906,0.0008372251159948774,-0.00011724349173702908,2.1316998497777906e-06
11183.679301906,0.001236918837825618,0.0014815313955860165,-0.00039756202198099055
11183.685663221,0.000703993875384612,0.0008153751925347452,-0.00039756202198099055
11183.693663221,-0.0004950872901076653,-0.00011724349173702908,-0.00026433078137075294
11183.708231886,-0.0007615497713281821,-0.00011724349173702908,-0.0013301807062527787
11183.714425350001,3.783767233334068e-05,0.0006821439519244937,-0.0006640245032015074
11183.72242535,0.000970456356605115,0.0014815313955860165,-0.00013109954076048758
11183.729290272,0.000703993875384612,-0.0014495558978395787,2.1316998497777906e-06
11183.737290272,3.783767233334068e-05,0.0010818376737552551,-0.00026433078137075294
11183.744821579001,-0.00036185604949742767,-0.0006501684541780489,-0.00026433078137075294
11183.752821579,-0.0008947810119384336,0.0001492189894834739,0.0006682879029010352
11183.75873473,0.0005707626347743605,-0.0018492496196703331,0.0004018254216805184
11183.76673473,-0.0011612434931589366,0.0002824502300937254,-0.00013109954076048758
11183.775488252,0.000437531394164109,-0.0010498621760088103,0.001201212865342055
11183.783488252,-0.0008947810119384336,0.0006821439519244937,0.0001353629404600154
11183.790127213,-0.0008947810119384336,0.0005489127113142422,-0.0005307932625912559
11183.798127213,0.0008372251159948774,0.001348300154975765,0.0004018254216805184
11183.805952573,0.0008372251159948774,-0.0006501684541780489,2.1316998497777906e-06
11183.813952573,-0.0023603246586512278,-0.0007833996947883073,-0.0017298744280835332
11183.827018341,-0.00036185604949742767,0.0004156814707039769,-0.00026433078137075294
11183.833870152,0.0013701500784358833,-0.00011724349173702908,-0.0007972557438117589
11183.841870152,0.000970456356605115,-0.0002504747323472875,2.1316998497777906e-06
11183.850328083001,-0.0002286248088871623,0.0014815313955860165,0.0005350566622907837
11183.858328083,-0.00036185604949742767,0.0012150689143655066,-0.00026433078137075294
11183.863917588,3.783767233334068e-05,-0.0011830934166190687,-0.00026433078137075294
11183.871917588,-0.0002286248088871623,-0.0005169372135677974,2.1316998497777906e-06
11183.879486858,-0.0008947810119384336,0.0009486064331449967,0.0001353629404600154
11183.887486858,-0.0002286248088871623,0.001614762636196268,0.0006682879029010352
11183.8936336,-0.0002286248088871623,-0.0007833996947883073,-0.0011969494656425272
11183.9016336,0.0011036875972153803,-0.0002504747323472875,-0.0010637182250322619
11183.915670342,0.001236918837825618,0.0004156814707039769,-0.0005307932625912559
11183.923515759001,0.00030430015355384366,-0.0007833996947883073,0.0001353629404600154
11183.931515759,-0.0018273996962102218,-0.00011724349173702908,-0.0007972557438117589
11183.937331503,-0.00036185604949742767,0.0012150689143655066,2.1316998497777906e-06
11183.945331503,0.002436000003317923,-0.00011724349173702908,-0.00026433078137075294
11183.952701403,0.0008372251159948774,-0.00011724349173702908,-0.0005307932625912559
11183.960701403,-0.00036185604949742767,0.0012150689143655066,0.0001353629404600154
11183.96738766,-0.0004950872901076653,-0.0002504747323472875,2.1316998497777906e-06
11183.97538766,0.000437531394164109,-0.00211571210089085,-0.0007972557438117589
11183.982761765,0.0008372251159948774,-0.0006501684541780489,-0.0005307932625912559
11183.990761765,-9.539356827691081e-05,0.0017479938768065265,-0.00039756202198099055
11183.997442077,0.0008372251159948774,0.0020144563580270294,0.0006682879029010352
11184.005442077,0.00030430015355384366,0.0002824502300937254,-0.00026433078137075294
11184.019389543,-0.0011612434931589366,0.0004156814707039769,-0.00026433078137075294
11184.026186762001,3.783767233334068e-05,0.0004156814707039769,0.0004018254216805184
11184.034186762,0.0020363062814871546,-0.0005169372135677974,0.0009347503841215521
11184.040896352,0.0005707626347743605,-0.0006501684541780489,-0.00026433078137075294
11184.048896352,-0.0002286248088871623,0.001614762636196268,-0.00026433078137075294
11184.055686609001,0.00030430015355384366,0.0006821439519244937,-0.00013109954076048758
11184.063686609,-0.0002286248088871623,-0.0006501684541780489,-0.0005307932625912559
11184.071211638,-0.00036185604949742767,-0.0007833996947883073,2.1316998497777906e-06
11184.079211638,3.783767233334068e-05,-0.0002504747323472875,-0.0017298744280835332
11184.085542546,0.00030430015355384366,-0.0009166309353985588,0.0004018254216805184
11184.093542546,0.00017106891294360604,0.0004156814707039769,-0.00026433078137075294
11184.108120451,0.00030430015355384366,0.0010818376737552551,2.1316998497777906e-06
11184.1143431,0.00030430015355384366,0.0010818376737552551,2.1316998497777906e-06
11184.1223431,0.0005707626347743605,0.0002824502300937254,-0.00039756202198099055
11184.129291541,-0.00036185604949742767,0.0004156814707039769,0.00026859418107028077
11184.137291541,-0.0006283185307179306,-0.0005169372135677974,0.0008015191435112867
11184.145641491,0.0013701500784358833,-0.0006501684541780489,-0.00039756202198099055
11184.153641491,0.0005707626347743605,0.0006821439519244937,0.0005350566622907837
11184.160073583,-0.0011612434931589366,0.0012150689143655066,-0.00039756202198099055
11184.168073583,-0.0010280122525486851,1.5987748873222407e-05,0.00026859418107028077
11184.175729463,0.00030430015355384366,-0.0013163246572293202,0.0006682879029010352
11184.183729463,0.000703993875384612,-0.0007833996947883073,2.1316998497777906e-06
11184.190444683,3.783767233334068e-05,0.0004156814707039769,-0.00026433078137075294
11184.198444683,0.00030430015355384366,-0.0005169372135677974,0.0005350566622907837
11184.206129656,0.000970456356605115,-0.0009166309353985588,-0.0005307932625912559
11184.214129656,0.0011036875972153803,-0.0015827871384498302,0.00026859418107028077
11184.227152553,0.00017106891294360604,-0.00011724349173702908,0.0005350566622907837
11184.232534263001,-0.0008947810119384336,-0.0009166309353985588,-0.00039756202198099055
11184.240534263,-9.539356827691081e-05,0.0002824502300937254,0.0001353629404600154
11184.248923842,0.0008372251159948774,0.0010818376737552551,-0.0007972557438117589
11184.256923842,0.00216953752209742,0.0006821439519244937,-0.0009304869844220243
11184.263892616,0.000437531394164109,-0.0007833996947883073,0.0001353629404600154
11184.271892616,-0.0018273996962102218,-0.00211571210089085,-0.00013109954076048758
11184.279552608,-0.0016941684555999564,0.0002824502300937254,-0.00039756202198099055
11184.287552608,0.0005707626347743605,-0.00011724349173702908,0.0013344441059523066
11184.294065884,0.002436000003317923,-0.0006501684541780489,0.0006682879029010352
11184.302065884,0.000970456356605115,0.0009486064331449967,0.001467675346562558
11184.310360001,0.000703993875384612,0.0012150689143655066,-0.00039756202198099055
11184.318360001,-0.001294474733769202,-0.0015827871384498302,-0.0006640245032015074
11184.329797131,-0.0004950872901076653,-0.0002504747323472875,0.0008015191435112867
11184.33607478,0.000437531394164109,-0.00011724349173702908,0.0004018254216805184
11184.34407478,0.0023027687627076576,0.0008153751925347452,-0.0006640245032015074
11184.352390711,3.783767233334068e-05,-0.0005169372135677974,-0.0011969494656425272
11184.360390711,-0.0018273996962102218,0.0001492189894834739,2.1316998497777906e-06
11184.366070623,-0.0004950872901076653,1.5987748873222407e-05,2.1316998497777906e-06
11184.374070623,0.0019030750408769032,-0.0013163246572293202,0.0001353629404600154
11184.387463611,0.0008372251159948774,-0.00038370597295754594,-0.00026433078137075294
11184.394303885,-9.539356827691081e-05,0.001348300154975765,-0.00039756202198099055
11184.402303885,3.783767233334068e-05,0.0005489127113142422,-0.0007972557438117589
11184.409128086,0.0005707626347743605,-0.0009166309353985588,0.0004018254216805184
11184.417128086,3.783767233334068e-05,0.0006821439519244937,-0.0014634119468630302
11184.424846096,0.001236918837825618,0.0006821439519244937,-0.00039756202198099055
11184.432846096,-0.0008947810119384336,1.5987748873222407e-05,-0.0006640245032015074
11184.439129448001,-0.001294474733769202,-0.0011830934166190687,-0.00013109954076048758
11184.447129448,3.783767233334068e-05,-0.0014495558978395787,0.0004018254216805184
11184.454600441,0.002968924965758929,-0.0010498621760088103,0.0001353629404600154
11184.462600441,0.000970456356605115,-0.00011724349173702908,-0.00013109954076048758
11184.475543913,-0.00036185604949742767,0.0009486064331449967,0.0004018254216805184
11184.48228654,-0.0004950872901076653,-0.00011724349173702908,0.00026859418107028077
11184.49028654,0.00017106891294360604,-0.0006501684541780489,-0.00013109954076048758
11184.49506142,0.0017698438002666517,-0.0002504747323472875,0.0008015191435112867
11184.50306142,0.00030430015355384366,0.0026806125610783008,0.0006682879029010352
11184.509767974001,-0.0002286248088871623,0.0006821439519244937,0.0004018254216805184
11184.517767974,0.0005707626347743605,-0.0005169372135677974,-0.0007972557438117589
11184.525316355,0.000437531394164109,-0.00038370597295754594,0.0005350566622907837
11184.533316355,-0.0014277059743794535,0.0009486064331449967,-0.0005307932625912559
11184.546861823,-9.539356827691081e-05,-0.00038370597295754594,2.1316998497777906e-06
11184.55383843,-0.0004950872901076653,0.0010818376737552551,0.00026859418107028077
11184.56183843,-0.00036185604949742767,0.0001492189894834739,0.00026859418107028077
11184.569810697,0.000703993875384612,0.0001492189894834739,-0.0005307932625912559
11184.577810697,-9.539356827691081e-05,-0.0014495558978395787,-0.00039756202198099055
11184.58445651,-0.0008947810119384336,-0.0007833996947883073,-0.00039756202198099055
11184.59245651,-0.0002286248088871623,0.0006821439519244937,0.001467675346562558
11184.60036087,0.000703993875384612,0.0012150689143655066,0.0006682879029010352
11184.60836087,0.000970456356605115,0.0008153751925347452,2.1316998497777906e-06
11184.615485217,0.000703993875384612,0.0004156814707039769,0.0005350566622907837
11184.623485217,0.00017106891294360604,-0.00011724349173702908,-0.0005307932625912559
11184.631068876,-0.0019606309368204594,-0.0013163246572293202,0.0008015191435112867
11184.639068876,-0.0010280122525486851,0.0005489127113142422,-0.00026433078137075294
11184.645206692001,0.0005707626347743605,0.0017479938768065265,0.0010679816247317897
11184.653206692,0.0019030750408769032,-0.0006501684541780489,2.1316998497777906e-06
11184.666970362,0.0008372251159948774,-0.0013163246572293202,-0.0006640245032015074
11184.674623947,-0.0014277059743794535,0.0005489127113142422,-0.0009304869844220243
11184.682623947,-0.0004950872901076653,0.0009486064331449967,-0.0007972557438117589
11184.688499931,0.00030430015355384366,-0.0015827871384498302,0.0010679816247317897
11184.696499931,0.0005707626347743605,-0.0005169372135677974,0.0005350566622907837
11184.703981591,-0.0002286248088871623,0.001614762636196268,0.0006682879029010352
11184.711981591,0.000703993875384612,0.0010818376737552551,0.0005350566622907837
11184.723046889,0.00030430015355384366,-0.00011724349173702908,0.0001353629404600154
11184.729590388,0.000437531394164109,-0.0007833996947883073,-0.0005307932625912559
11184.737590388,-0.0002286248088871623,0.0008153751925347452,0.0001353629404600154
11184.746202188,-0.0006283185307179306,-0.0005169372135677974,0.0001353629404600154
11184.754202188,-0.0007615497713281821,-0.0011830934166190687,2.1316998497777906e-06
11184.760149413,0.0015033813190461487,0.0006821439519244937,0.0005350566622907837
11184.768149413,0.0025692312439281745,0.0008153751925347452,-0.0010637182250322619
11184.776256735,0.0011036875972153803,0.0006821439519244937,0.0004018254216805184
11184.784256735,-0.0004950872901076653,0.0006821439519244937,0.0004018254216805184
11184.791281083,-0.0007615497713281821,1.5987748873222407e-05,-0.00026433078137075294
11184.799281083,-0.00036185604949742767,-0.0013163246572293202,-0.0006640245032015074
11184.806969222,-9.539356827691081e-05,-0.0005169372135677974,0.0001353629404600154
11184.814969222,0.000437531394164109,0.002147687598637288,-0.0006640245032015074
11184.826145187,0.0011036875972153803,0.0008153751925347452,0.0006682879029010352
11184.832880296,3.783767233334068e-05,0.001348300154975765,-0.0005307932625912559
11184.840880296,-0.0007615497713281821,-0.0014495558978395787,0.0001353629404600154
11184.849299449,-0.0010280122525486851,-0.00038370597295754594,0.00026859418107028077
11184.857299449,0.00017106891294360604,-0.0007833996947883073,0.0004018254216805184
11184.862909880001,0.0016366125596563863,-0.00038370597295754594,2.1316998497777906e-06
11184.87090988,0.0016366125596563863,0.0017479938768065265,0.0001353629404600154
11184.878253169,0.0008372251159948774,0.001614762636196268,0.0001353629404600154
11184.886253169,-0.0006283185307179306,-0.0009166309353985588,0.0006682879029010352
11184.899243512,-0.0006283185307179306,-0.00211571210089085,-0.0006640245032015074
11184.905639863,-0.001294474733769202,-0.0014495558978395787,0.0009347503841215521
11184.913639863,0.000437531394164109,0.0005489127113142422,0.0010679816247317897
11184.920146862,0.000970456356605115,0.0012150689143655066,2.1316998497777906e-06
11184.928146862,0.000437531394164109,0.0026806125610783008,-0.0014634119468630302
11184.934409418,3.783767233334068e-05,-0.00011724349173702908,-0.00039756202198099055
11184.942409418,-0.0007615497713281821,-0.0015827871384498302,-0.0007972557438117589
11184.949979281,-0.0016941684555999564,-0.002915099544552373,0.0006682879029010352
11184.957979281,-0.001560937214989705,0.0004156814707039769,0.0005350566622907837
11184.971266547,0.0019030750408769032,0.0002824502300937254,0.0001353629404600154
11184.978063192,0.000437531394164109,0.0008153751925347452,-0.0010637182250322619
11184.986063192,-0.0008947810119384336,0.0006821439519244937,0.001201212865342055
11184.993527129,-0.001294474733769202,-0.0017160183790600816,0.00026859418107028077
11185.001527129,-0.00036185604949742767,-0.003581255747603637,-0.00013109954076048758
11185.007598668,0.00017106891294360604,-0.0009166309353985588,0.0001353629404600154
11185.015598668,0.0005707626347743605,0.0029470750422988176,0.0001353629404600154
11185.023531195,0.0013701500784358833,0.0002824502300937254,-0.00026433078137075294
11185.031531195,0.000437531394164109,-0.00011724349173702908,-0.00039756202198099055
11185.038906818,-0.001560937214989705,1.5987748873222407e-05,0.0005350566622907837
11185.046906818,-0.0004950872901076653,1.5987748873222407e-05,2.1316998497777906e-06
11185.05336915,-0.0010280122525486851,-0.0011830934166190687,-0.00039756202198099055
11185.06136915,0.000970456356605115,-0.00038370597295754594,-0.00026433078137075294
11185.068970013,0.0025692312439281745,0.0012150689143655066,-0.00013109954076048758
11185.076970013,0.0015033813190461487,0.0012150689143655066,2.1316998497777906e-06
11185.087875331,-0.001294474733769202,-0.00038370597295754594,0.0001353629404600154
11185.094431793,-0.001294474733769202,0.0001492189894834739,-0.0017298744280835332
11185.102431793,0.000437531394164109,-0.0005169372135677974,-0.0006640245032015074
11185.109953674,0.000703993875384612,-0.0014495558978395787,0.0006682879029010352
11185.117953674,0.002436000003317923,0.0005489127113142422,-0.00039756202198099055
11185.131077015,-0.0002286248088871623,0.0022809188392475463,0.0004018254216805184
11185.135748285,3.783767233334068e-05,-0.0002504747323472875,-0.00026433078137075294
11185.143748285,-9.539356827691081e-05,-0.0018492496196703331,-0.00039756202198099055
11185.152380011,-0.0014277059743794535,-0.0014495558978395787,0.0006682879029010352
11185.160380011,0.000437531394164109,0.0010818376737552551,0.0001353629404600154
11185.167040602,0.0015033813190461487,-0.0007833996947883073,0.0006682879029010352
11185.175040602,0.0011036875972153803,0.0009486064331449967,-0.00026433078137075294
11185.182406669,0.00017106891294360604,0.0009486064331449967,-0.0010637182250322619
11185.190406669,-0.00036185604949742767,-0.00038370597295754594,-0.00026433078137075294
11185.198790897,-0.0008947810119384336,-0.0018492496196703331,0.0004018254216805184
11185.206790897,-0.0011612434931589366,-0.0017160183790600816,0.0010679816247317897
11185.213640005,0.00030430015355384366,0.0005489127113142422,0.00026859418107028077
11185.221640005,0.0020363062814871546,0.0024141500798577978,-0.0005307932625912559
11185.229156368001,0.00216953752209742,0.0005489127113142422,0.0001353629404600154
11185.237156368,-0.0006283185307179306,1.5987748873222407e-05,0.0001353629404600154
11185.250430727,-0.0019606309368204594,-0.0030483307851626243,-0.00039756202198099055
11185.258130385,-0.002760018380481996,-0.0027818683039421213,0.0004018254216805184
11185.266130385,-0.0002286248088871623,0.0002824502300937254,0.0001353629404600154
11185.272732679001,0.00216953752209742,0.0017479938768065265,0.0001353629404600154
11185.280732679,0.002968924965758929,0.0009486064331449967,0.0009347503841215521
11185.287669398,0.0008372251159948774,0.0001492189894834739,-0.00026433078137075294
11185.295669398,-0.0023603246586512278,-0.0006501684541780489,0.0005350566622907837
11185.303555925,-0.0020938621774307248,-0.0011830934166190687,-0.0005307932625912559
11185.311555925,0.000970456356605115,-0.0007833996947883073,0.0008015191435112867
11185.318911585,0.0015033813190461487,0.0005489127113142422,-0.00013109954076048758
11185.326911585,3.783767233334068e-05,0.002147687598637288,-0.00013109954076048758
11185.33386347,-0.0006283185307179306,-0.0005169372135677974,-0.0007972557438117589
11185.34186347,-0.00036185604949742767,-0.0011830934166190687,-0.00013109954076048758
11185.348877447,-0.0011612434931589366,0.0005489127113142422,2.1316998497777906e-06
11185.356877447,0.0005707626347743605,-0.0007833996947883073,0.0001353629404600154
11185.371206855,0.000970456356605115,-0.0002504747323472875,-0.00026433078137075294
11185.376809823,0.0008372251159948774,-0.0011830934166190687,0.00026859418107028077
11185.384809823,-0.0002286248088871623,0.002147687598637288,0.0005350566622907837
11185.392185353001,0.000703993875384612,-0.0013163246572293202,-0.0009304869844220243
11185.400185353,-0.002493555899261493,-0.0006501684541780489,0.00026859418107028077
11185.406836537,-0.0010280122525486851,0.0005489127113142422,0.0006682879029010352
11185.414836537,0.0011036875972153803,0.0004156814707039769,0.0001353629404600154
11185.422293326,0.0017698438002666517,-0.00038370597295754594,0.0013344441059523066
11185.430293326,0.00030430015355384366,1.5987748873222407e-05,-0.0005307932625912559
11185.437388654,-0.0006283185307179306,0.0009486064331449967,2.1316998497777906e-06
11185.445388654,-0.0002286248088871623,-0.00038370597295754594,0.0005350566622907837
11185.458989104,-0.0006283185307179306,-0.00038370597295754594,0.0001353629404600154
11185.466556763,-0.0004950872901076653,0.0009486064331449967,-0.0009304869844220243
11185.474556763,0.00017106891294360604,0.0004156814707039769,-0.0005307932625912559
11185.481177039,-9.539356827691081e-05,-0.0009166309353985588,2.1316998497777906e-06
11185.489177039,0.0016366125596563863,0.0006821439519244937,0.00026859418107028077
11185.49450223,-0.0006283185307179306,0.001614762636196268,0.0001353629404600154
11185.50250223,-0.0004950872901076653,0.0006821439519244937,0.0008015191435112867
11185.510095667,-0.002760018380481996,-0.0010498621760088103,0.0005350566622907837
11185.518095667,0.0011036875972153803,0.0001492189894834739,0.001201212865342055
11185.530672215,0.0017698438002666517,0.0005489127113142422,0.0001353629404600154
11185.536910994,0.0020363062814871546,1.5987748873222407e-05,-0.0007972557438117589
11185.544910994,-0.00036185604949742767,-0.00038370597295754594,-0.0007972557438117589
11185.552225488,-0.0018273996962102218,-0.0002504747323472875,-0.00039756202198099055
11185.560225488,-0.0006283185307179306,-0.0018492496196703331,2.1316998497777906e-06
11185.565844585,-0.00036185604949742767,0.0006821439519244937,-0.0006640245032015074
11185.573844585,0.0016366125596563863,1.5987748873222407e-05,-0.00039756202198099055
11185.586908686,0.0016366125596563863,0.0017479938768065265,-0.00013109954076048758
11185.594109014,0.0011036875972153803,-0.0002504747323472875,0.0004018254216805184
11185.602109014,-0.0007615497713281821,0.0008153751925347452,0.0006682879029010352
11185.607786204,-0.0004950872901076653,-0.0010498621760088103,-0.00026433078137075294
11185.615786204,3.783767233334068e-05,-0.00211571210089085,0.0001353629404600154
11185.623146493,0.0008372251159948774,-0.0018492496196703331,0.0001353629404600154
11185.631146493,0.00030430015355384366,0.0009486064331449967,-0.00026433078137075294
11185.63725618,-9.539356827691081e-05,0.0010818376737552551,-0.00013109954076048758
11185.64525618,0.001236918837825618,-0.0002504747323472875,-0.00026433078137075294
11185.653533501,0.000703993875384612,-0.0014495558978395787,0.0006682879029010352
11185.661533501,-0.0002286248088871623,0.0004156814707039769,-0.00039756202198099055
11185.674868841,0.00017106891294360604,0.0012150689143655066,0.0001353629404600154
11185.681608524,-9.539356827691081e-05,0.001881225117416778,-0.0005307932625912559
11185.689608524,0.000970456356605115,-0.00011724349173702908,-0.00026433078137075294
11185.697195275001,3.783767233334068e-05,-0.0009166309353985588,0.0004018254216805184
11185.705195275,3.783767233334068e-05,0.0002824502300937254,0.00026859418107028077
11185.710909594,-0.0014277059743794535,0.0005489127113142422,2.1316998497777906e-06
11185.718909594,0.00017106891294360604,-0.00038370597295754594,0.00026859418107028077
11185.725347464,0.0015033813190461487,-0.0017160183790600816,2.1316998497777906e-06
11185.733347464,0.0015033813190461487,-0.0011830934166190687,-0.0005307932625912559
11185.741343768,-0.0002286248088871623,0.0008153751925347452,-0.00039756202198099055
11185.749343768,-0.00036185604949742767,0.0008153751925347452,0.0008015191435112867
11185.757146629001,0.000703993875384612,-0.0011830934166190687,-0.0010637182250322619
11185.765146629,0.00030430015355384366,-0.0010498621760088103,-0.00026433078137075294
11185.773139841,-0.0008947810119384336,0.0008153751925347452,0.0004018254216805184
11185.781139841,-0.0002286248088871623,-0.0005169372135677974,-0.0006640245032015074
11185.789829141,-0.0002286248088871623,-0.0017160183790600816,-0.0006640245032015074
11185.797829141,0.0005707626347743605,0.0005489127113142422,-0.00013109954076048758
11185.811290387,-9.539356827691081e-05,0.0014815313955860165,2.1316998497777906e-06
11185.815989324,0.000970456356605115,0.0004156814707039769,-0.00013109954076048758
11185.823989324,-0.0010280122525486851,-0.0013163246572293202,-0.0006640245032015074
11185.832258719,-9.539356827691081e-05,-0.0011830934166190687,-0.0013301807062527787
11185.840258719,0.000703993875384612,0.0010818376737552551,2.1316998497777906e-06
11185.846213462,0.000437531394164109,0.001348300154975765,-0.0005307932625912559
11185.854213462,0.0011036875972153803,-0.00038370597295754594,0.00026859418107028077
11185.861369679,0.000437531394164109,0.0005489127113142422,0.0001353629404600154
11185.869369679,0.00017106891294360604,-0.0017160183790600816,0.0008015191435112867
11185.882260485,-0.0028932496210922476,-0.0007833996947883073,-0.0005307932625912559
11185.889049445,-0.0010280122525486851,-0.0006501684541780489,-0.0010637182250322619
11185.897049445,0.0013701500784358833,0.0017479938768065265,-0.0005307932625912559
11185.903809442,0.001236918837825618,-0.0014495558978395787,0.00026859418107028077
11185.911809442,-0.0007615497713281821,0.0005489127113142422,0.0001353629404600154
11185.918519570001,-0.0026267871398717307,0.0014815313955860165,0.0004018254216805184
11185.92651957,0.0005707626347743605,-0.0007833996947883073,0.00026859418107028077
11185.934085895,0.0015033813190461487,-0.0009166309353985588,-0.0007972557438117589
11185.942085895,-9.539356827691081e-05,0.002147687598637288,-0.00013109954076048758
11185.948703301001,-0.0010280122525486851,0.0028138438016885522,0.00026859418107028077
11185.956703301,3.783767233334068e-05,0.0005489127113142422,-0.00026433078137075294
11185.966233503,-9.539356827691081e-05,-0.0009166309353985588,-0.0011969494656425272
11185.974233503,-0.0007615497713281821,0.001881225117416778,-0.00026433078137075294
11185.980806113,0.00030430015355384366,0.0001492189894834739,0.00026859418107028077
11185.988806113,-0.0004950872901076653,-0.0007833996947883073,0.0004018254216805184
11185.996315975,0.000703993875384612,-0.0013163246572293202,2.1316998497777906e-06
11186.004315975,0.00030430015355384366,0.0005489127113142422,-0.00013109954076048758
11186.017043801,-0.0007615497713281821,0.0001492189894834739,0.0004018254216805184
11186.023301524001,-0.0019606309368204594,0.0008153751925347452,-0.00039756202198099055
11186.031301524,-0.00036185604949742767,-0.00011724349173702908,-0.00039756202198099055
11186.03980638,0.002968924965758929,0.0005489127113142422,-0.0010637182250322619
11186.04780638,0.0023027687627076576,0.0010818376737552551,0.0009347503841215521
11186.054510322001,-0.0007615497713281821,0.0001492189894834739,-0.00039756202198099055
11186.062510322,-0.0023603246586512278,-0.0013163246572293202,0.0004018254216805184
11186.069930371,-0.0010280122525486851,-0.0015827871384498302,-0.0009304869844220243
11186.077930371,0.00030430015355384366,-0.0010498621760088103,0.001201212865342055
11186.091145027,0.00017106891294360604,0.0010818376737552551,0.0001353629404600154
11186.099045035,0.0015033813190461487,0.0017479938768065265,-0.00026433078137075294
11186.107045035,0.0005707626347743605,-0.00038370597295754594,-0.0006640245032015074
11186.113118296,-0.0008947810119384336,-0.00038370597295754594,-0.00039756202198099055
11186.121118296,-0.0004950872901076653,-0.0007833996947883073,-0.0005307932625912559
11186.12789096,0.000703993875384612,-0.0013163246572293202,0.0009347503841215521
11186.13589096,3.783767233334068e-05,-0.00011724349173702908,-0.0015966431874732817
11186.14442428,0.0015033813190461487,0.001614762636196268,2.1316998497777906e-06
11186.15242428,0.0008372251159948774,0.0012150689143655066,0.00026859418107028077
11186.158899205,3.783767233334068e-05,-0.0022489433415011015,-0.00026433078137075294
11186.166899205,-0.0010280122525486851,-0.0015827871384498302,-0.0005307932625912559
11186.174263254,-9.539356827691081e-05,0.0014815313955860165,0.0004018254216805184
11186.182263254,-0.0007615497713281821,-0.00011724349173702908,-0.00039756202198099055
11186.194789654,-9.539356827691081e-05,-0.00011724349173702908,-0.0005307932625912559
11186.201682132,0.000970456356605115,0.0002824502300937254,-0.0007972557438117589
11186.209682132,0.0015033813190461487,0.0006821439519244937,0.0004018254216805184
11186.216428963,-0.0006283185307179306,-0.0014495558978395787,-0.00039756202198099055
11186.224428963,-0.0010280122525486851,0.0002824502300937254,0.0008015191435112867
11186.231280979,0.00017106891294360604,0.0001492189894834739,0.0005350566622907837
11186.239280979,0.000703993875384612,0.0004156814707039769,-0.00039756202198099055
11186.245812311001,-0.0007615497713281821,0.0006821439519244937,0.00026859418107028077
11186.253812311,0.0008372251159948774,0.001348300154975765,0.0005350566622907837
11186.266895301,0.0019030750408769032,-0.0009166309353985588,0.0005350566622907837
11186.274782476,0.000437531394164109,-0.0025154058227216045,-0.0009304869844220243
11186.282782476,-0.0008947810119384336,-0.0013163246572293202,-0.0010637182250322619
11186.290158044,-0.0008947810119384336,0.0028138438016885522,-0.00039756202198099055
11186.298158044,0.0017698438002666517,0.001348300154975765,-0.0009304869844220243
11186.303306348,0.0015033813190461487,-0.0006501684541780489,-0.0009304869844220243
11186.311306348,0.001236918837825618,-0.0019824808602805985,-0.0007972557438117589
11186.319717279,-0.0011612434931589366,-0.00011724349173702908,-0.00039756202198099055
11186.327717279,-0.003026480861702499,-0.00038370597295754594,-0.00039756202198099055
11186.334295889,-0.001294474733769202,-0.0007833996947883073,-0.0006640245032015074
11186.342295889,0.0025692312439281745,1.5987748873222407e-05,0.0004018254216805184
11186.349893733,0.0016366125596563863,0.001348300154975765,0.0006682879029010352
11186.357893733,-9.539356827691081e-05,-0.0010498621760088103,0.0008015191435112867
11186.371031092,-0.001294474733769202,-0.0006501684541780489,0.0001353629404600154
11186.377823275001,3.783767233334068e-05,0.0020144563580270294,0.0009347503841215521
11186.385823275,0.00017106891294360604,-0.00038370597295754594,-0.00039756202198099055
11186.392661605,-0.0014277059743794535,-0.0017160183790600816,-0.00026433078137075294
11186.400661605,-9.539356827691081e-05,0.0009486064331449967,-0.0011969494656425272
11186.407135864,0.000970456356605115,0.001348300154975765,-0.0006640245032015074
11186.415135864,0.00017106891294360604,0.0008153751925347452,-0.00026433078137075294
11186.422357117,0.0005707626347743605,0.0006821439519244937,0.00026859418107028077
11186.430357117,-0.0004950872901076653,-0.0010498621760088103,-0.00039756202198099055
11186.436433119,-0.001294474733769202,-0.0025154058227216045,-0.00026433078137075294
11186.444433119,-0.00036185604949742767,-0.0015827871384498302,-0.00039756202198099055
11186.459163895,-9.539356827691081e-05,0.0028138438016885522,0.0008015191435112867
11186.465431506,0.002436000003317923,0.0024141500798577978,0.0001353629404600154
11186.473431506,0.0016366125596563863,-0.0010498621760088103,2.1316998497777906e-06
11186.480326577,-0.0011612434931589366,-0.0014495558978395787,-0.0010637182250322619
11186.488326577,-0.0018273996962102218,0.0005489127113142422,2.1316998497777906e-06
11186.495910569,-0.00036185604949742767,0.0006821439519244937,-0.0011969494656425272
11186.503910569,0.00017106891294360604,-0.00038370597295754594,0.00026859418107028077
11186.510466494,0.0008372251159948774,1.5987748873222407e-05,-0.0007972557438117589
11186.518466494,0.0011036875972153803,0.001348300154975765,0.00026859418107028077
11186.526070597,-0.00036185604949742767,-0.0002504747323472875,-0.00013109954076048758
11186.534070597,-0.0018273996962102218,-0.0014495558978395787,2.1316998497777906e-06
11186.545024249,0.000970456356605115,-0.0017160183790600816,2.1316998497777906e-06
11186.551706191,0.00216953752209742,-0.0002504747323472875,2.1316998497777906e-06
11186.559706191,0.0008372251159948774,-0.00011724349173702908,-0.0006640245032015074
11186.567971679,3.783767233334068e-05,0.0014815313955860165,-0.00013109954076048758
11186.575971679,0.000703993875384612,0.0005489127113142422,-0.0005307932625912559
11186.58279625,-0.0002286248088871623,-0.002915099544552373,0.0005350566622907837
11186.59079625,-0.0018273996962102218,-0.0011830934166190687,-0.00026433078137075294
11186.598841165,-0.0011612434931589366,0.0009486064331449967,-0.00026433078137075294
11186.606841165,0.000703993875384612,-0.0005169372135677974,0.0004018254216805184
11186.617721854,0.001236918837825618,-0.00038370597295754594,-0.0010637182250322619
11186.623852485,0.000970456356605115,0.0020144563580270294,-0.0006640245032015074
11186.631852485,0.0005707626347743605,0.001348300154975765,0.0005350566622907837
11186.639532421,-0.0010280122525486851,-0.0013163246572293202,0.0001353629404600154
11186.647532421,-0.0008947810119384336,-0.0018492496196703331,0.0001353629404600154
11186.653738774,0.0016366125596563863,0.0001492189894834739,0.0001353629404600154
11186.661738774,0.0035018499281999488,0.0028138438016885522,-0.00039756202198099055
11186.669824541,3.783767233334068e-05,0.0006821439519244937,0.0006682879029010352
11186.677824541,-0.0008947810119384336,1.5987748873222407e-05,0.0004018254216805184
11186.686510341,-0.0016941684555999564,-0.0017160183790600816,-0.0009304869844220243
11186.694510341,-0.0014277059743794535,-0.0006501684541780489,-0.0007972557438117589
11186.703052456,-9.539356827691081e-05,-0.0002504747323472875,0.0004018254216805184
11186.711052456,0.0017698438002666517,0.0028138438016885522,0.0006682879029010352
11186.716936571,0.0013701500784358833,-0.0005169372135677974,0.0006682879029010352
11186.724936571,-0.0016941684555999564,-0.0007833996947883073,-0.0005307932625912559
11186.733247632,-0.0002286248088871623,0.0002824502300937254,0.0005350566622907837
11186.741247632,0.0011036875972153803,0.003080306282909069,0.0009347503841215521
11186.753922162,0.0023027687627076576,-0.0014495558978395787,0.0001353629404600154
11186.760677696,-0.0014277059743794535,-0.002648637063331863,-0.0005307932625912559
11186.768677696,0.00030430015355384366,0.0009486064331449967,2.1316998497777906e-06
11186.775788691,0.0013701500784358833,0.003346768764129572,-0.0010637182250322619
11186.783788691,-0.0014277059743794535,-0.0018492496196703331,-0.0011969494656425272
11186.791745533,-0.001560937214989705,-0.0017160183790600816,-0.0006640245032015074
11186.799745533,0.0028356937251486775,0.001881225117416778,-0.00039756202198099055
11186.80682001,0.0015033813190461487,-0.0005169372135677974,-0.00026433078137075294
11186.81482001,-0.0018273996962102218,-0.0007833996947883073,0.0001353629404600154
11186.821839932,-0.0011612434931589366,0.001614762636196268,-0.00013109954076048758
11186.829839932,0.0023027687627076576,0.0028138438016885522,0.0005350566622907837
11186.838619546,3.783767233334068e-05,-0.00011724349173702908,2.1316998497777906e-06
11186.846619546,-0.0011612434931589366,-0.0010498621760088103,0.0005350566622907837
11186.85231642,0.000970456356605115,0.0008153751925347452,-0.0007972557438117589
11186.86031642,0.0016366125596563863,0.0009486064331449967,0.0006682879029010352
11186.874561884,-0.0022270934180409763,0.0001492189894834739,-0.00039756202198099055
11186.880635812,-0.0026267871398717307,-0.00038370597295754594,2.1316998497777906e-06
11186.888635812,0.0011036875972153803,-0.00038370597295754594,-0.0005307932625912559
11186.895046478001,0.001236918837825618,-0.0002504747323472875,0.00026859418107028077
11186.903046478,-0.001294474733769202,-0.0002504747323472875,-0.00039756202198099055
11186.910286862,-0.0026267871398717307,0.0008153751925347452,0.0010679816247317897
11186.918286862,-9.539356827691081e-05,-0.0006501684541780489,0.0005350566622907837
11186.929562252,0.00216953752209742,-0.0006501684541780489,0.0001353629404600154
11186.935643624,0.000703993875384612,0.0001492189894834739,-0.0006640245032015074
11186.943643624,-0.0002286248088871623,0.001348300154975765,-0.00013109954076048758
11186.951383337,-0.0004950872901076653,0.0001492189894834739,0.0001353629404600154
11186.959383337,0.000437531394164109,-0.0015827871384498302,-0.0007972557438117589
11186.966068354,0.0011036875972153803,-0.00011724349173702908,-0.0005307932625912559
11186.974068354,0.001236918837825618,0.001614762636196268,-0.0005307932625912559
11186.982180454,0.00030430015355384366,0.0009486064331449967,-0.0005307932625912559
11186.990180454,-0.0011612434931589366,-0.0007833996947883073,0.00026859418107028077
11186.996954766,-0.0019606309368204594,-0.0010498621760088103,-0.0010637182250322619
11187.004954766,-9.539356827691081e-05,-0.0022489433415011015,-0.0010637182250322619
11187.017584351,0.0028356937251486775,0.0006821439519244937,0.0001353629404600154
11187.024144998,0.0016366125596563863,0.0029470750422988176,-0.0007972557438117589
11187.032144998,0.0005707626347743605,-0.0005169372135677974,-0.00013109954076048758
11187.038977736,-0.0023603246586512278,-0.0037144869882138956,-0.0011969494656425272
11187.046977736,-0.0020938621774307248,-0.003314793266383134,-0.0005307932625912559
11187.053303995,-0.0006283185307179306,0.0024141500798577978,0.00026859418107028077
11187.061303995,0.0023027687627076576,0.0012150689143655066,0.00026859418107028077
11187.068695526,0.0008372251159948774,-0.0007833996947883073,-0.0006640245032015074
11187.076695526,-0.0010280122525486851,-0.0002504747323472875,0.001201212865342055
11187.08998094,-0.0019606309368204594,-0.00011724349173702908,2.1316998497777906e-06
11187.096839807,0.0005707626347743605,-0.0017160183790600816,-0.00013109954076048758
11187.104839807,0.0023027687627076576,0.001614762636196268,0.0005350566622907837
11187.112226079,0.0020363062814871546,0.0006821439519244937,-0.00013109954076048758
11187.120226079,-0.0002286248088871623,-0.0002504747323472875,-0.0005307932625912559
11187.12628284,-0.0020938621774307248,-0.0017160183790600816,0.00026859418107028077
11187.13428284,-0.0023603246586512278,0.0005489127113142422,-0.00039756202198099055
11187.146444169,-9.539356827691081e-05,0.001614762636196268,-0.0009304869844220243
11187.153861921,0.00216953752209742,0.001881225117416778,2.1316998497777906e-06
11187.161861921,0.002702462484538426,0.0002824502300937254,0.00026859418107028077
11187.168246829,-0.0014277059743794535,-0.0006501684541780489,-0.0010637182250322619
11187.176246829,-0.0022270934180409763,-0.004647105672485677,2.1316998497777906e-06
11187.184559464,-0.001560937214989705,-0.00011724349173702908,0.0004018254216805184
11187.192559464,0.0011036875972153803,0.004545849929621856,0.0004018254216805184
