timestamp,mx,my,mz
11183.442578213,-345.23869848902007,21487.427256018113,-5030.904481354738
11183.459162476,-265.6779768812101,21391.695970712695,-5226.045144163622
11183.477100008,-388.8007002051101,21413.938895231517,-5159.74762637208
11183.49187919,-234.69051120441006,21545.953932492237,-5184.072934478396
11183.509266893,-348.3152535122701,21412.966271266298,-5207.7897999791985
11183.523510301,-363.7182027598201,21468.662681688107,-4924.170839029747
11183.539077386,-281.87376948885014,21415.88314764101,-4991.7234633844455
11183.553618736,-125.18330909488007,21436.567086356827,-4920.070824256773
11183.569319579,-299.6048134884201,21572.803132432826,-4794.469263103778
11183.583546061,-129.1293691771601,21309.936821898424,-5156.328364870809
11183.598958888,-278.93641597157006,21582.94350879897,-4793.918669031216
11183.612094099,-154.11704820534007,21306.78898466401,-5371.6013501565085
11183.626923355,-186.55705133574008,21602.34222997221,-4830.894211682715
11183.642993881,-286.35040922432006,21484.5591601698,-5195.755239106149
11183.657204882,-369.4920391378801,21526.044509073185,-5196.726268052129
11183.672605968,-363.8836306364801,21736.35328673167,-4851.799225278243
11183.687488409,-391.8671681627101,21576.400945135283,-5264.723086499137
11183.703069808,-276.5619207175601,21780.47477510271,-4615.18632939036
11183.716352482,-238.64060611295008,21522.32723385709,-5389.489975962397
11183.731220108,-258.4435333970301,21623.851455553096,-4792.906319704556
11183.746890118,-150.74796827824008,21329.970685435852,-5195.485623622212
11183.760908194,-268.85338514783007,21368.66260256196,-5392.393765714684
11183.776499315,-264.34446680228007,21464.821961874582,-5137.063770388277
11183.792123974,-350.3104750978401,21421.738801851265,-5305.306931393515
11183.80764254,-213.0315638407301,21484.74830914973,-5155.29845438236
11183.822164872,-303.46008997985007,21600.75238301985,-4979.582502531143
11183.835774581,-188.8185714544701,21487.302815899733,-4979.093889029603
11183.852290048,-275.94055747352013,21739.74801316094,-4596.267793096022
11183.866341013,-194.4350496083901,21483.001169887746,-5262.339933543418
11183.880997289,-319.8899025105701,21665.962987132145,-4744.645148079833
11183.895540639,-269.73095985938005,21522.500454501867,-5390.084989444188
11183.910601986,-365.69526762722006,21508.351115282152,-5011.45911020673
11183.925301206,-324.5117959914001,21487.311775588256,-5030.507805700209
11183.93965065,-194.0840197237701,21421.46602911178,-5263.263444051616
11183.954494906,-382.1876199649701,21686.821142013687,-4745.527338207352
11183.968841999,-413.6390906616701,21555.11471624653,-5324.03022888914
11183.984722915,-381.0619034384301,21625.879331722135,-4707.38242878261
11183.999440116,-332.3131325651101,21388.630761716882,-5451.8785857416115
11184.014401075,-438.9334164856101,21425.818446692065,-5072.6814522412515
11184.028166634,-444.7839145626101,21462.540227864058,-5355.311823082935
11184.042866614,-443.5593447927001,21350.17080097143,-5327.7036107315935
11184.057667148,-285.7149240883701,21577.751867060364,-5135.767343444442
11184.073084437,-410.17115749120006,21526.8688004173,-5158.451199428245
11184.087537677,-163.81677053438008,21624.37012196648,-4722.751544376536
11184.102915115,-342.24283999097014,21644.23176038008,-4833.2536054195425
11184.116344472,-387.07984680522014,21487.361551635604,-5051.232042630264
11184.131198858,-342.26503153540006,21716.319423194243,-4812.641966526841
11184.147951064,-371.7757508010401,21483.09275781487,-5324.314306506316
11184.162056696,-407.3023960203401,21467.261983715674,-5032.402345154387
11184.177334375,-347.1128752867901,21372.684507187834,-5159.569948735156
11184.19260235,-441.75376004135006,21238.24637194211,-5270.7940834305455
11184.207798622,-381.26969699082014,21491.811530268697,-4758.218893133214
11184.22232401,-388.7200036799101,21331.595375621357,-5180.513183682814
11184.236178291,-301.19856986112006,21715.79179709233,-4831.382825184256
11184.250860141,-172.9475823607601,21349.55955110997,-5263.944197323319
11184.265307344,-436.63558293054007,21602.689666782717,-4904.024054419696
11184.281639627,-308.4108218008701,21411.54864943777,-5285.1332885360225
11184.295996442,-460.7234957027401,21373.616314794228,-5142.21745486859
11184.311795803,-165.0695840881101,21468.90061119444,-4832.498475462616
11184.327211666,-348.5048903464901,21309.814372821944,-5248.397404092469
11184.337963375,-165.8846189926301,21509.479040515103,-4861.184116740188
11184.354240547,-322.53473112400013,21447.623341994204,-4943.219534523227
11184.368505492,-185.7964865857301,21469.01609162429,-4832.8951511171435
11184.383956522,-357.9705927524501,21586.37208294044,-4600.163271984628
11184.396292943,-441.4511480718501,21423.890122617726,-5199.653817023306
11184.411063107,-68.69170662862008,21308.255387018944,-5243.042282756341
11184.426502711,-289.1929443244901,21369.074748234012,-5373.256231402742
11184.441121672,-300.29880360514005,21489.866282338262,-4854.303240347452
11184.456517499,-323.3094177659201,21447.030011509793,-4982.2879544561665
11184.470705925,-264.3222752578501,21392.734299060416,-5157.675409280978
11184.484254986,-454.9617638034601,21625.245184878895,-4777.140528456103
11184.499092335,-440.80759328338013,21311.07569786179,-5201.346919621669
11184.511769494,-194.16471624897008,21503.809548721943,-5242.497886740882
11184.527065358,-263.54758861593007,21393.327629544827,-5118.606989348038
11184.541458765,-323.56562923343006,21560.141101507936,-4961.060641891333
11184.556187096,-386.0489486957901,21374.84379212188,-5033.390935262157
11184.571761884,-228.4526698064501,21509.52881656246,-4881.908353670243
11184.586285494,-365.2171407154101,21663.227295569784,-4940.78059905359
11184.60191056,-331.31249565263005,21554.207796663817,-5351.744841220733
11184.617431719,-495.7982403809201,21687.752949620077,-4728.174844340786
11184.632769176,-267.0296436783101,21287.654076541723,-5325.255378176303
11184.64716299,-458.73230894343004,21467.84735003251,-5013.859824324238
11184.662165394,-440.80759328338013,21311.07569786179,-5201.346919621669
11184.676675837,-411.5409810064701,21391.911003237245,-5267.890293678259
11184.690735913,-303.5145601343601,21508.004673992597,-5010.269083243146
11184.705886797,-389.4946903218301,21331.002045136946,-5219.581603615754
11184.720244963,-535.5311919762701,21761.406566883874,-4620.452611908026
11184.731609631,-87.53636267595007,21217.106484632568,-5176.4544892905205
11184.747945284,-381.60257015727007,21584.262574053744,-4747.066522387681
11184.762411061,-110.64986490636008,21328.70139622843,-5263.062007195801
11184.777913239,-409.8342494984901,21331.414190809002,-5200.444069303811
11184.792751754,-300.7628086250401,21468.909570882963,-4883.912392133222
11184.808854873,-410.17115749120006,21526.8688004173,-5158.451199428245
11184.823375057,-303.2301048830301,21662.732521659127,-4949.357677073241
11184.834809002,1599.8723623449098,19030.544276641773,-5372.296565561449
11184.851250229,-340.5542652011601,21552.819044942753,-4776.03624128243
11184.865359249,-289.06181247104007,21482.482503474355,-5332.494708871439
11184.879783341,-367.4161210271101,21434.928458878065,-5119.974693948546
11184.89434058,-149.18447310249007,21465.07681523701,-5076.279424388963
11184.90791253,-349.9776019313901,21329.28775806621,-5316.459302139047
11184.922176012,-403.4955374440301,21686.491624580227,-4775.225328811584
11184.936398457,-362.90720268156,21531.08781819069,-4864.644698622139
11184.951736136,-385.9985133675401,21570.595066972382,-4971.86385542012
11184.966077062,-235.7496530976601,21390.6327543413,-5284.05276058124
11184.980502283,-304.7310602517501,21414.366969238727,-5099.558293854558
11184.995312466,-283.0357994517301,21414.99315191439,-5050.326093283855
11185.009566614,-349.6669203093701,21308.92437709533,-5307.000033991878
11185.024992978,-230.2582545578001,21621.45324559177,-4938.81788097129
11185.041130003,-236.15918796305007,21462.42375191326,-5282.9753316550095
11185.055317078,-125.5787220683601,21642.27755276112,-4877.924035963174
11185.070827997,-340.6934667071301,21645.418421348902,-4755.116765553663
11185.085117108,-154.49026963439007,21440.41178825414,-5350.066200755609
11185.096454498,2812.1500340538205,21395.05884047166,-5166.830972630149
11185.111684789,-306.87557040894006,21278.81584157426,-5248.0658080375115
11185.12620651,-233.10078965797007,21505.968833655985,-5116.318873267883
11185.139783033,-230.86751332306008,21353.169310063797,-5050.257914655733
11185.153726591,-364.4424540734901,21663.820626054196,-4901.71217912065
11185.168493904,-298.88863182727005,21583.652319713234,-4755.246924752804
11185.184328912,-322.97654459947006,21354.578967724745,-4993.440325201698
11185.200506438,-430.2081046983601,21669.41644929729,-4561.251869498273
11185.215539322,-308.88894871268013,21256.672469150137,-5355.811799689163
11185.231332591,-262.33108849854005,21486.9653342987,-5029.317778736626
11185.245614998,-151.12118970729009,21463.59348902598,-5173.950474221312
11185.259855629,-463.4752472120601,21412.71141790386,-5268.574145978513
11185.274290425,-339.2348770141401,21492.025567272303,-4728.124226874453
11185.289536456,-439.99659320512006,21373.500834364375,-5141.820779214061
11185.30526754,-359.7136376967701,21585.03708935051,-4688.067216833744
11185.320809865,-476.1446016684601,21398.396822206952,-4868.827354156472
11185.335825565,-318.4454347094901,21378.65066422321,-4758.721968767993
11185.35078319,-433.59130651737007,21512.315279693114,-4778.436955399938
11185.366473441,-267.5743452234101,21349.040884696584,-5334.09897265134
11185.379263655,-433.20396319641014,21512.611944935317,-4758.902745433467
11185.393978634,-459.8317990992801,21353.697931686653,-5103.456871771716
11185.408350764,-319.1696860231601,21573.808608589297,-4736.2633088588955
11185.424213421,-344.05447698171014,21416.229588930564,-4992.913490348029
11185.439189435,-144.7481816296201,21437.572562513295,-4861.864870011891
11185.454216357,-401.3651491787501,21688.123283412362,-4667.787173995999
11185.468382728,-289.3321458304601,21461.674124640165,-5352.336755673975
11185.48268408,-381.7740502733201,21512.026578618483,-4777.445266263618
11185.498492645,-109.87517826444008,21329.29472671284,-5223.99358726286
11185.511989021,-388.5525583901201,21506.834936879874,-5119.293940676843
11185.526179633,-264.16895185997004,21434.0543914866,-5137.525525642375
11185.538899996,-455.44392554153006,21573.372570414514,-4816.978540479207
11185.554322637,-473.40495463792,21668.312416567063,-4649.949165656444
11185.568300269,-330.36229406840005,21524.03355676025,-5313.138176541893
11185.582114347,-456.02494052297004,21572.927572551205,-4846.279855428913
11185.596247515,-307.8116501012601,21442.909550310163,-5245.603113348983
11185.610211202,-142.04484803542007,21645.65635085524,-4663.444401986532
11185.624881663,-324.5339875358301,21559.39943840242,-5009.896166807509
11185.639234737,-231.5110681115301,21465.98373481973,-5048.56481205737
11185.654944377,-339.99544176415014,21625.35170562022,-4726.123287440024
11185.669677912,-268.0242283514001,21462.003642073625,-5322.638765069742
11185.683983134,-404.9238659400701,21561.789684196166,-4884.510504643566
11185.698976334,-194.56618146184007,21369.593414647403,-5303.101456074721
11185.713352408,-540.4012272720901,21489.859313691628,-4946.768955223639
11185.727217707,-462.76310037717013,21526.564171007514,-5198.511308497505
11185.743075679,-568.5643145668901,21463.678108306474,-5328.390562060397
11185.758426913,-342.5131733503901,21623.423381545883,-4853.095652222079
11185.774847085,-389.63389182780014,21423.601421543095,-5198.662127886986
11185.79057091,-361.2266975442701,21645.682234399857,-4745.7463362249555
11185.806394011,-496.0060339333101,21553.685148166645,-4779.01130869139
11185.819997183,-260.4347201563401,21529.62042031481,-4921.263950248909
11185.834194184,-358.9167595104201,21513.54275702076,-4669.610435793505
11185.848619887,-391.8187502475901,21329.22205368371,-5336.786863414573
11185.863110997,-405.77924910719014,21643.539873321915,-4902.813367265771
11185.877456053,-267.3665516710201,21483.108686150023,-5283.262508300736
11185.890919299,-101.72684663237008,21469.444165631503,-4772.705818599622
11185.905772074,-365.8122775887601,21528.862828874142,-5011.151273370664
11185.920576108,-125.98018728123009,21508.06141868658,-4938.527605297013
11185.936130749,-277.1711794828201,21512.190839574734,-4726.626363074803
11185.950583285,-353.3870301210901,21347.277817099446,-5482.192250017977
11185.96822406,-407.55860748785005,21580.373073713818,-5011.175032589555
11185.982611227,-330.88076924281006,21410.32913627769,-5373.433909039665
11185.998231737,-311.6487698745201,21501.774703906274,-5420.487492539016
11186.012529811,-348.1074599598801,21547.034072719733,-5156.953335628595
11186.025204489,-480.9097314815201,21415.34855289247,-5102.9300369180455
11186.041915566,-296.6049201641101,21626.60407097155,-4627.658886298618
11186.056452621,-426.9479650802801,21550.610979482306,-4953.430833598772
11186.072166501,-308.4108218008701,21411.54864943777,-5285.1332885360225
11186.086339465,-298.4427835255401,21573.693128159448,-4735.866633204368
11186.100683113,-236.44767804064008,21410.69947006998,-5313.04623869488
11186.115160742,-403.3926493744001,21532.060442155907,-4816.60252501502
11186.129850166,-327.2373211300301,21351.31565006048,-5208.316634832869
11186.146474466,-176.31666228786008,21326.37785033813,-5440.059923857614
11186.160901984,-233.2319215114201,21392.561078415634,-5157.080395799186
11186.176244941,-390.5578670413401,21278.684432809256,-5288.720930588564
11186.190333794,-255.6554684513701,21646.58815846163,-4646.091908119965
11186.203511024,-462.73687400648004,21351.472942370106,-5249.963446520241
11186.218421724,-405.9103809606401,21530.132118081565,-4943.574889797074
11186.233216444,-90.81465901220008,21348.504298906155,-5301.425914638146
11186.249643727,-234.7268246407501,21484.122126474067,-5204.530654953063
11186.262091146,-172.56023903980008,21349.85621635218,-5244.409987356848
11186.275911613,-332.7771375850101,21367.674050261583,-5481.487737527383
11186.291801566,-401.6717959745101,21605.48309856,-4708.086941273204
11186.307225652,-367.5694444249901,21393.608366451885,-5140.1245775871475
11186.321574319,-340.9416085221201,21552.522379700546,-4795.570451248899
11186.336084799,-403.80218423979005,21603.851439727867,-4815.525096088789
11186.351978641,-213.1485738022701,21505.260022741717,-5154.990617546295
11186.366178124,-401.5184725766301,21646.80319098618,-4687.937057634602
11186.379779758,-289.6024791898801,21440.86574580597,-5372.178802476511
11186.394604607,-383.19229170371005,21624.24767289,-4814.820583598194
11186.409443419,-410.5585008121601,21526.572135175094,-5177.985409394714
11186.424072269,-281.03049080051005,21643.143655985008,-4880.899103372133
11186.438449954,-435.7842345896801,21623.94304348022,-4854.880692667455
11186.453659652,-282.9409810346201,21466.569101136567,-5030.02229122722
11186.467390101,-431.6001197580601,21606.546314931395,-4650.079324855586
11186.482217931,-468.1818720443501,21419.407291793388,-5502.830747158119
11186.498119514,-435.72169478265005,21510.68362086098,-4885.875110215523
11186.512341126,-460.3986921888101,21487.172402655677,-5091.688827354052
11186.527955192,-413.8468842140601,21421.046914793096,-5374.866693239745
11186.542229304,-341.0949319200001,21511.202287274366,-4815.720334887502
11186.5536991,-260.9753868751801,21488.003662646424,-4960.94804385398
11186.569863903,-397.2940094824101,21588.23470263228,-4493.5184684781
11186.584250459,-268.4801637187801,21235.03979897183,-5413.928915115583
11186.600407855,-459.7410155084301,21508.277446732074,-5052.312570585046
11186.615148945,-196.46254980404007,21326.93832863129,-5411.155284562437
11186.625836358,-430.9565649695901,21493.73189017546,-4651.772427453949
11186.641350369,-501.6991737861701,21528.723455941563,-5072.332295024506
11186.655695813,-302.6228635309001,21488.086290885025,-4971.508500146272
11186.671085566,-492.9980709564801,21401.47895505887,-4673.8819301463
11186.688317381,-391.1751954591201,21216.407628927776,-5338.4799660129365
11186.704773127,-366.09673284009006,21374.13498120762,-5072.062679540569
11186.719263385,-379.11711718111013,21421.35552628667,-4671.39237721033
11186.735175431,-524.1428948574201,21352.412714144073,-5212.085053550885
11186.74939782,-496.98851412762014,21419.024016228792,-4868.916192974934
11186.762541939,-505.6997040229601,21309.345482455905,-5339.2764163505435
11186.777380047,-477.42364159288013,21418.01854007232,-4927.122147219816
11186.79317239,-478.28911182565,21262.84569454248,-5017.334868339426
11186.808698623,-278.8516846201101,21397.596423365565,-4845.524725471985
11186.823765934,-556.05635316089,21555.663248288332,-4672.763180839389
11186.840534548,-380.4869406963801,21286.39772910661,-4780.831471460344
11186.854724271,-556.3266865203101,21534.85486945413,-4692.605227641925
11186.869407621,-511.35653043948,21346.215596249,-5612.139682208992
11186.882610999,-521.5121881359001,21436.832890449674,-5054.5800264748605
11186.897438163,-149.41042337305007,21300.09311077449,-5137.3447489769005
11186.91188431,-391.78243681125014,21391.05385970188,-5316.329142939905
11186.926935324,-361.0612696676101,21377.991629356296,-4818.1179499764585
11186.93765244,-233.3489314729601,21413.072792007624,-5156.77255896312
11186.952938768,-360.65980445474014,21512.20776343083,-4757.5143806426195
11186.967442304,-239.6109818284801,21078.65540444949,-5571.916357636046
11186.983623459,-539.0999958032401,21398.149933012093,-4909.0858010529955
11186.999217581,-303.23212229616007,21219.802355357042,-5082.948533830715
11187.013074288,-326.5937663415601,21238.501225304546,-5210.009737431232
11187.026130444,-399.8440196787301,21421.471006716518,-4671.789052864858
11187.040902275,-478.4283133316201,21355.445070948637,-4996.415392610658
11187.05570968,-450.2107558823101,21474.373985361042,-4584.107205061898
11187.070256771,-151.07277179217007,21216.414597574403,-5246.014251136749
11187.084759844,-385.5082819769501,21416.46054979027,-4993.706841657085
11187.099264454,-216.39257411531005,21255.559476731392,-5393.0951791767275
11187.113943767,-390.96740190673006,21350.475430381215,-5287.643501662333
11187.128290175,-298.4932188537901,21377.94185330894,-4797.393713046405
11187.14342167,-306.00606534991005,21330.985121280846,-5188.693586047937
11187.155948071,-514.4855382041101,21534.92057383664,-4672.277666366399
11187.170084313,-199.0347515447901,21232.262295529697,-5568.814230056495
11187.186285005,-321.7015395013101,21437.960815682625,-4904.30503300832
